{"log_price_RMSE": {"train": 0.08878131210803986, "valid": 1.2064659595489502, "test": 1.093355417251587}, "log_return_RMSE": {"train": 0.015204083174467087, "valid": 0.015546377748250961, "test": 0.017496543005108833}, "log_return_res_abs_mean": {"train": 0.011423015035688877, "valid": 0.011969586834311485, "test": 0.013387800194323063}, "log_return_res_std": {"train": 0.01521314587444067, "valid": 0.01341172307729721, "test": 0.016225790604948997}, "log_return_coverage": {"train": 0.9113048911094666, "valid": 0.9921597838401794, "test": 0.9894970655441284}, "truth_abs_mean": {"train": 0.011515988036990166, "valid": 0.010290112346410751, "test": 0.010228808969259262}, "truth_std": {"train": 0.015605170279741287, "valid": 0.013477873988449574, "test": 0.01388789527118206}, "vol_inference_error": {"train": 0.03694119676947594, "valid": 0.13270026445388794, "test": 0.17690975964069366}}