{"log_price_RMSE": {"train": 0.13435082137584686, "valid": 0.4681524932384491, "test": 0.9259738326072693}, "log_return_RMSE": {"train": 0.015259850770235062, "valid": 0.014477783814072609, "test": 0.015351168811321259}, "log_return_res_abs_mean": {"train": 0.011398975737392902, "valid": 0.011121365241706371, "test": 0.011316229589283466}, "log_return_res_std": {"train": 0.015267088077962399, "valid": 0.013847369700670242, "test": 0.014002249576151371}, "log_return_coverage": {"train": 0.9217373132705688, "valid": 0.9959023594856262, "test": 0.9996153712272644}, "truth_abs_mean": {"train": 0.011515988036990166, "valid": 0.010290112346410751, "test": 0.010228808969259262}, "truth_std": {"train": 0.015605170279741287, "valid": 0.013477873988449574, "test": 0.01388789527118206}, "vol_inference_error": {"train": 0.03966860845685005, "valid": 0.21019570529460907, "test": 0.36829179525375366}}