{"log_price_RMSE": {"train": 0.1970164179801941, "valid": 0.2655045688152313, "test": 0.29632121324539185}, "log_return_RMSE": {"train": 0.011798244901001453, "valid": 0.020061329007148743, "test": 0.013330064713954926}, "log_return_res_abs_mean": {"train": 0.008774234913289547, "valid": 0.015159953385591507, "test": 0.010150382295250893}, "log_return_res_std": {"train": 0.01180175319314003, "valid": 0.020042885094881058, "test": 0.013313612900674343}, "log_return_coverage": {"train": 0.9612408876419067, "valid": 0.8365236520767212, "test": 0.9499067068099976}, "truth_abs_mean": {"train": 0.008752033114433289, "valid": 0.015055260621011257, "test": 0.010057689622044563}, "truth_std": {"train": 0.0118031594902277, "valid": 0.020042475312948227, "test": 0.013312816619873047}, "vol_inference_error": {"train": 0.053177040070295334, "valid": 0.12775301933288574, "test": 0.03836169093847275}}