{"log_price_RMSE": {"train": 0.1659425050020218, "valid": 0.8464270830154419, "test": 0.21731708943843842}, "log_return_RMSE": {"train": 0.01170690730214119, "valid": 0.020929710939526558, "test": 0.01389516144990921}, "log_return_res_abs_mean": {"train": 0.008972886018455029, "valid": 0.016190659254789352, "test": 0.010561603121459484}, "log_return_res_std": {"train": 0.011711654253304005, "valid": 0.0201207734644413, "test": 0.013910751789808273}, "log_return_coverage": {"train": 0.9289179444313049, "valid": 0.886050283908844, "test": 0.9936602115631104}, "truth_abs_mean": {"train": 0.008937831968069077, "valid": 0.015055260621011257, "test": 0.01034501288086176}, "truth_std": {"train": 0.011823049746453762, "valid": 0.020042475312948227, "test": 0.013524259440600872}, "vol_inference_error": {"train": 0.029054583981633186, "valid": 0.07518447190523148, "test": 0.13308386504650116}}