{"log_price_RMSE": {"train": 0.1481233686208725, "valid": 0.10719380527734756, "test": 0.22041259706020355}, "log_return_RMSE": {"train": 0.01158497016876936, "valid": 0.010124153457581997, "test": 0.015145276673138142}, "log_return_res_abs_mean": {"train": 0.008393341675400734, "valid": 0.007968864403665066, "test": 0.011615904979407787}, "log_return_res_std": {"train": 0.011588577181100845, "valid": 0.010132083669304848, "test": 0.015129904262721539}, "log_return_coverage": {"train": 0.9366386532783508, "valid": 0.9656488299369812, "test": 0.8652822971343994}, "truth_abs_mean": {"train": 0.008364863693714142, "valid": 0.007965066470205784, "test": 0.01161353662610054}, "truth_std": {"train": 0.011579012498259544, "valid": 0.010130433365702629, "test": 0.015119959600269794}, "vol_inference_error": {"train": 0.06122131273150444, "valid": 0.023318367078900337, "test": 0.06275752186775208}}