{"log_price_RMSE": {"train": 0.2691503167152405, "valid": 0.1388368159532547, "test": 0.06333793699741364}, "log_return_RMSE": {"train": 0.015607137233018875, "valid": 0.013464465737342834, "test": 0.0138642443343997}, "log_return_res_abs_mean": {"train": 0.01154735404998064, "valid": 0.01033324096351862, "test": 0.010284955613315105}, "log_return_res_std": {"train": 0.01561706606298685, "valid": 0.013480544090270996, "test": 0.013889256864786148}, "log_return_coverage": {"train": 0.9183201789855957, "valid": 0.9972041249275208, "test": 1.0}, "truth_abs_mean": {"train": 0.011515988036990166, "valid": 0.010290112346410751, "test": 0.010228808969259262}, "truth_std": {"train": 0.015605170279741287, "valid": 0.013477873988449574, "test": 0.01388789527118206}, "vol_inference_error": {"train": 0.040768954902887344, "valid": 0.23940971493721008, "test": 0.40354621410369873}}