{"log_price_RMSE": {"train": 0.19602079689502716, "valid": 0.31517425179481506, "test": 0.23942898213863373}, "log_return_RMSE": {"train": 0.011644699610769749, "valid": 0.010227154940366745, "test": 0.015238627791404724}, "log_return_res_abs_mean": {"train": 0.008441423997282982, "valid": 0.008103577420115471, "test": 0.011897768825292587}, "log_return_res_std": {"train": 0.011638782918453217, "valid": 0.01010340079665184, "test": 0.015156683512032032}, "log_return_coverage": {"train": 0.9522782564163208, "valid": 0.855646550655365, "test": 0.5900925993919373}, "truth_abs_mean": {"train": 0.008364863693714142, "valid": 0.007965066470205784, "test": 0.01161353662610054}, "truth_std": {"train": 0.011579012498259544, "valid": 0.010130433365702629, "test": 0.015119959600269794}, "vol_inference_error": {"train": 0.04544506594538689, "valid": 0.04003789648413658, "test": 0.1438555121421814}}