{"log_price_RMSE": {"train": 0.18221016228199005, "valid": 0.2112327516078949, "test": 0.08884144574403763}, "log_return_RMSE": {"train": 0.011823892593383789, "valid": 0.020042182877659798, "test": 0.013507508672773838}, "log_return_res_abs_mean": {"train": 0.008942840620875359, "valid": 0.015097271651029587, "test": 0.010361493565142155}, "log_return_res_std": {"train": 0.011822987347841263, "valid": 0.02005300670862198, "test": 0.013532704673707485}, "log_return_coverage": {"train": 0.8532674908638, "valid": 0.6709467172622681, "test": 0.8325070738792419}, "truth_abs_mean": {"train": 0.008937831968069077, "valid": 0.015055260621011257, "test": 0.01034501288086176}, "truth_std": {"train": 0.011823049746453762, "valid": 0.020042475312948227, "test": 0.013524259440600872}, "vol_inference_error": {"train": 0.06303615868091583, "valid": 0.1869446188211441, "test": 0.08611486107110977}}