{"log_price_RMSE": {"train": 0.21197712421417236, "valid": 0.08663473278284073, "test": 0.06316830962896347}, "log_return_RMSE": {"train": 0.015617923811078072, "valid": 0.013467804528772831, "test": 0.013874441385269165}, "log_return_res_abs_mean": {"train": 0.011559936217963696, "valid": 0.010308432392776012, "test": 0.010249899700284004}, "log_return_res_std": {"train": 0.015627484768629074, "valid": 0.013493351638317108, "test": 0.013900614343583584}, "log_return_coverage": {"train": 0.7880796790122986, "valid": 0.8192307949066162, "test": 0.8269230723381042}, "truth_abs_mean": {"train": 0.011515988036990166, "valid": 0.010290112346410751, "test": 0.010228808969259262}, "truth_std": {"train": 0.015605170279741287, "valid": 0.013477873988449574, "test": 0.01388789527118206}, "vol_inference_error": {"train": 0.12222979962825775, "valid": 0.08943583071231842, "test": 0.08757628500461578}}