{"log_price_RMSE": {"train": 0.22217193245887756, "valid": 0.2155185043811798, "test": 0.20656248927116394}, "log_return_RMSE": {"train": 0.011744656600058079, "valid": 0.015091467648744583, "test": 0.020105918869376183}, "log_return_res_abs_mean": {"train": 0.008586653508245945, "valid": 0.011558794416487217, "test": 0.01516906451433897}, "log_return_res_std": {"train": 0.0117509039118886, "valid": 0.015082297846674919, "test": 0.020120173692703247}, "log_return_coverage": {"train": 0.9462252259254456, "valid": 0.8659003973007202, "test": 0.7614476084709167}, "truth_abs_mean": {"train": 0.008586342446506023, "valid": 0.01155480369925499, "test": 0.015129736624658108}, "truth_std": {"train": 0.011750750243663788, "valid": 0.015072892419993877, "test": 0.02011014334857464}, "vol_inference_error": {"train": 0.059267207980155945, "valid": 0.06770607829093933, "test": 0.15183645486831665}}