{"log_price_RMSE": {"train": 0.05530860275030136, "valid": 0.09944260120391846, "test": 0.40241238474845886}, "log_return_RMSE": {"train": 0.011715101078152657, "valid": 0.015075486153364182, "test": 0.020228810608386993}, "log_return_res_abs_mean": {"train": 0.008571804501116276, "valid": 0.011690343730151653, "test": 0.015390128828585148}, "log_return_res_std": {"train": 0.01172235794365406, "valid": 0.015083000995218754, "test": 0.020121639594435692}, "log_return_coverage": {"train": 0.9530534148216248, "valid": 0.8733136653900146, "test": 0.7097980976104736}, "truth_abs_mean": {"train": 0.008586342446506023, "valid": 0.01155480369925499, "test": 0.015129736624658108}, "truth_std": {"train": 0.011750750243663788, "valid": 0.015072892419993877, "test": 0.02011014334857464}, "vol_inference_error": {"train": 0.04744724929332733, "valid": 0.07328870892524719, "test": 0.17419221997261047}}