{"log_price_RMSE": {"train": 0.1495063751935959, "valid": 0.10796146839857101, "test": 0.22043932974338531}, "log_return_RMSE": {"train": 0.011572260409593582, "valid": 0.010126044042408466, "test": 0.015147454105317593}, "log_return_res_abs_mean": {"train": 0.008367413654923439, "valid": 0.007969326339662075, "test": 0.011618082411587238}, "log_return_res_std": {"train": 0.01157953031361103, "valid": 0.010132381692528725, "test": 0.01513377670198679}, "log_return_coverage": {"train": 0.9303183555603027, "valid": 0.944088339805603, "test": 0.8449933528900146}, "truth_abs_mean": {"train": 0.008364863693714142, "valid": 0.007965066470205784, "test": 0.01161353662610054}, "truth_std": {"train": 0.011579012498259544, "valid": 0.010130433365702629, "test": 0.015119959600269794}, "vol_inference_error": {"train": 0.0625300332903862, "valid": 0.013765892945230007, "test": 0.07854343950748444}}