{"log_price_RMSE": {"train": 0.08249732106924057, "valid": 0.45451539754867554, "test": 0.8231087923049927}, "log_return_RMSE": {"train": 0.015281402505934238, "valid": 0.015131588093936443, "test": 0.015812484547495842}, "log_return_res_abs_mean": {"train": 0.011417923495173454, "valid": 0.011779244989156723, "test": 0.011795158497989178}, "log_return_res_std": {"train": 0.015290890820324421, "valid": 0.0145037230104208, "test": 0.014769620262086391}, "log_return_coverage": {"train": 0.9200279116630554, "valid": 0.9961538314819336, "test": 0.9996449947357178}, "truth_abs_mean": {"train": 0.011515988036990166, "valid": 0.010290112346410751, "test": 0.010228808969259262}, "truth_std": {"train": 0.015605170279741287, "valid": 0.013477873988449574, "test": 0.01388789527118206}, "vol_inference_error": {"train": 0.03952397033572197, "valid": 0.2101152241230011, "test": 0.36907529830932617}}