{"log_price_RMSE": {"train": 0.1321674883365631, "valid": 0.10434083640575409, "test": 0.15459690988063812}, "log_return_RMSE": {"train": 0.011580144986510277, "valid": 0.010116994380950928, "test": 0.015125857666134834}, "log_return_res_abs_mean": {"train": 0.00837884284555912, "valid": 0.007966170087456703, "test": 0.011634278111159801}, "log_return_res_std": {"train": 0.011587425135076046, "valid": 0.010129797272384167, "test": 0.015141273848712444}, "log_return_coverage": {"train": 0.9302365779876709, "valid": 0.9483712911605835, "test": 0.8616001605987549}, "truth_abs_mean": {"train": 0.008364863693714142, "valid": 0.007965066470205784, "test": 0.01161353662610054}, "truth_std": {"train": 0.011579012498259544, "valid": 0.010130433365702629, "test": 0.015119959600269794}, "vol_inference_error": {"train": 0.06251293420791626, "valid": 0.014438332989811897, "test": 0.07664810121059418}}