{"log_price_RMSE": {"train": 0.25597432255744934, "valid": 0.12047545611858368, "test": 0.21167433261871338}, "log_return_RMSE": {"train": 0.011851271614432335, "valid": 0.015165737830102444, "test": 0.020194822922348976}, "log_return_res_abs_mean": {"train": 0.008680538274347782, "valid": 0.011777595616877079, "test": 0.01522121299058199}, "log_return_res_std": {"train": 0.01185322180390358, "valid": 0.015168365091085434, "test": 0.020225416868925095}, "log_return_coverage": {"train": 0.9269087314605713, "valid": 0.9252653121948242, "test": 0.7219517827033997}, "truth_abs_mean": {"train": 0.008586342446506023, "valid": 0.01155480369925499, "test": 0.015129736624658108}, "truth_std": {"train": 0.011750750243663788, "valid": 0.015072892419993877, "test": 0.02011014334857464}, "vol_inference_error": {"train": 0.055452242493629456, "valid": 0.05980609729886055, "test": 0.16652296483516693}}