{"log_price_RMSE": {"train": 0.09469529986381531, "valid": 0.05444760248064995, "test": 0.10143911838531494}, "log_return_RMSE": {"train": 0.011784782633185387, "valid": 0.015101361088454723, "test": 0.02010038122534752}, "log_return_res_abs_mean": {"train": 0.008612566627562046, "valid": 0.011660227552056313, "test": 0.015105118975043297}, "log_return_res_std": {"train": 0.011791640892624855, "valid": 0.015129652805626392, "test": 0.020134828984737396}, "log_return_coverage": {"train": 0.9223988652229309, "valid": 0.8685573935508728, "test": 0.7430893778800964}, "truth_abs_mean": {"train": 0.008586342446506023, "valid": 0.01155480369925499, "test": 0.015129736624658108}, "truth_std": {"train": 0.011750750243663788, "valid": 0.015072892419993877, "test": 0.02011014334857464}, "vol_inference_error": {"train": 0.05302852764725685, "valid": 0.07140521705150604, "test": 0.1657204031944275}}