{"log_price_RMSE": {"train": 0.16265875101089478, "valid": 0.29691970348358154, "test": 0.26338937878608704}, "log_return_RMSE": {"train": 0.011805061250925064, "valid": 0.020088888704776764, "test": 0.013334402814507484}, "log_return_res_abs_mean": {"train": 0.008772943168878555, "valid": 0.015190466307103634, "test": 0.010143307968974113}, "log_return_res_std": {"train": 0.011808795854449272, "valid": 0.020057344809174538, "test": 0.013323468156158924}, "log_return_coverage": {"train": 0.9619494080543518, "valid": 0.8384615182876587, "test": 0.9506369233131409}, "truth_abs_mean": {"train": 0.008752033114433289, "valid": 0.015055260621011257, "test": 0.010057689622044563}, "truth_std": {"train": 0.0118031594902277, "valid": 0.020042475312948227, "test": 0.013312816619873047}, "vol_inference_error": {"train": 0.05374050885438919, "valid": 0.12911856174468994, "test": 0.03845645859837532}}