{"log_price_RMSE": {"train": 0.19848094880580902, "valid": 0.8589491844177246, "test": 0.3724792003631592}, "log_return_RMSE": {"train": 0.015131667256355286, "valid": 0.015440822578966618, "test": 0.014312132261693478}, "log_return_res_abs_mean": {"train": 0.011311466805636883, "valid": 0.011988488957285881, "test": 0.010606850497424603}, "log_return_res_std": {"train": 0.015131097286939621, "valid": 0.013964970596134663, "test": 0.014157253317534924}, "log_return_coverage": {"train": 0.9177379012107849, "valid": 0.9917751550674438, "test": 0.9989792704582214}, "truth_abs_mean": {"train": 0.011515988036990166, "valid": 0.010290112346410751, "test": 0.010228808969259262}, "truth_std": {"train": 0.015605170279741287, "valid": 0.013477873988449574, "test": 0.01388789527118206}, "vol_inference_error": {"train": 0.03743821755051613, "valid": 0.16321620345115662, "test": 0.2767985165119171}}