{"log_price_RMSE": {"train": 0.042926985770463943, "valid": 0.12142537534236908, "test": 0.2924497127532959}, "log_return_RMSE": {"train": 0.01153557002544403, "valid": 0.010142623446881771, "test": 0.015182973816990852}, "log_return_res_abs_mean": {"train": 0.008350779302418232, "valid": 0.007995185442268848, "test": 0.01163983903825283}, "log_return_res_std": {"train": 0.011542928405106068, "valid": 0.010155988857150078, "test": 0.015115114860236645}, "log_return_coverage": {"train": 0.9452073574066162, "valid": 0.8953295350074768, "test": 0.7165963649749756}, "truth_abs_mean": {"train": 0.008364863693714142, "valid": 0.007965066470205784, "test": 0.01161353662610054}, "truth_std": {"train": 0.011579012498259544, "valid": 0.010130433365702629, "test": 0.015119959600269794}, "vol_inference_error": {"train": 0.042464349418878555, "valid": 0.025928238406777382, "test": 0.1151273250579834}}