{"log_price_RMSE": {"train": 0.1087430790066719, "valid": 1.0107762813568115, "test": 1.7054415941238403}, "log_return_RMSE": {"train": 0.011548474431037903, "valid": 0.021186666563153267, "test": 0.020193489268422127}, "log_return_res_abs_mean": {"train": 0.008795056492090225, "valid": 0.01628338173031807, "test": 0.016548816114664078}, "log_return_res_std": {"train": 0.011552720330655575, "valid": 0.020307909697294235, "test": 0.014874511398375034}, "log_return_coverage": {"train": 0.8958344459533691, "valid": 0.9466716051101685, "test": 0.9883720874786377}, "truth_abs_mean": {"train": 0.008937831968069077, "valid": 0.015055260621011257, "test": 0.01034501288086176}, "truth_std": {"train": 0.011823049746453762, "valid": 0.020042475312948227, "test": 0.013524259440600872}, "vol_inference_error": {"train": 0.027620235458016396, "valid": 0.06588413566350937, "test": 0.19323724508285522}}