{"log_price_RMSE": {"train": 0.08626062422990799, "valid": 0.29094165563583374, "test": 1.4083048105239868}, "log_return_RMSE": {"train": 0.015194001607596874, "valid": 0.01487012393772602, "test": 0.01890712045133114}, "log_return_res_abs_mean": {"train": 0.011386912316083908, "valid": 0.0114950155839324, "test": 0.014683670364320278}, "log_return_res_std": {"train": 0.015202288515865803, "valid": 0.014894768595695496, "test": 0.016130590811371803}, "log_return_coverage": {"train": 0.919641375541687, "valid": 0.9952662587165833, "test": 0.9922041296958923}, "truth_abs_mean": {"train": 0.011515988036990166, "valid": 0.010290112346410751, "test": 0.010228808969259262}, "truth_std": {"train": 0.015605170279741287, "valid": 0.013477873988449574, "test": 0.01388789527118206}, "vol_inference_error": {"train": 0.03840081766247749, "valid": 0.1700679361820221, "test": 0.27688154578208923}}