{"log_price_RMSE": {"train": 0.13216076791286469, "valid": 0.10433826595544815, "test": 0.15462882816791534}, "log_return_RMSE": {"train": 0.011580144986510277, "valid": 0.010117008350789547, "test": 0.015125869773328304}, "log_return_res_abs_mean": {"train": 0.008378838188946247, "valid": 0.007966171950101852, "test": 0.011634274385869503}, "log_return_res_std": {"train": 0.011587425135076046, "valid": 0.010129799135029316, "test": 0.015141277574002743}, "log_return_coverage": {"train": 0.930234968662262, "valid": 0.9483712911605835, "test": 0.8616001605987549}, "truth_abs_mean": {"train": 0.008364863693714142, "valid": 0.007965066470205784, "test": 0.01161353662610054}, "truth_std": {"train": 0.011579012498259544, "valid": 0.010130433365702629, "test": 0.015119959600269794}, "vol_inference_error": {"train": 0.0625133067369461, "valid": 0.014436950907111168, "test": 0.07665131986141205}}