{"log_price_RMSE": {"train": 0.11980947107076645, "valid": 0.9997380971908569, "test": 1.5548691749572754}, "log_return_RMSE": {"train": 0.01144389808177948, "valid": 0.016372282058000565, "test": 0.022969631478190422}, "log_return_res_abs_mean": {"train": 0.008436380885541439, "valid": 0.012721574865281582, "test": 0.01792994514107704}, "log_return_res_std": {"train": 0.011450097896158695, "valid": 0.01543137151747942, "test": 0.020928310230374336}, "log_return_coverage": {"train": 0.9292758703231812, "valid": 0.7381130456924438, "test": 0.593579113483429}, "truth_abs_mean": {"train": 0.008586342446506023, "valid": 0.01155480369925499, "test": 0.015129736624658108}, "truth_std": {"train": 0.011750750243663788, "valid": 0.015072892419993877, "test": 0.02011014334857464}, "vol_inference_error": {"train": 0.057483285665512085, "valid": 0.09299974143505096, "test": 0.18765221536159515}}