{"log_price_RMSE": {"train": 0.3098022937774658, "valid": 0.06228185072541237, "test": 0.07515377551317215}, "log_return_RMSE": {"train": 0.015602033585309982, "valid": 0.013459788635373116, "test": 0.013873951509594917}, "log_return_res_abs_mean": {"train": 0.011518980376422405, "valid": 0.010295183397829533, "test": 0.010236815549433231}, "log_return_res_std": {"train": 0.01560906134545803, "valid": 0.013485588133335114, "test": 0.013898120261728764}, "log_return_coverage": {"train": 0.7922145128250122, "valid": 0.8307692408561707, "test": 0.8402662873268127}, "truth_abs_mean": {"train": 0.011515988036990166, "valid": 0.010290112346410751, "test": 0.010228808969259262}, "truth_std": {"train": 0.015605170279741287, "valid": 0.013477873988449574, "test": 0.01388789527118206}, "vol_inference_error": {"train": 0.11925330758094788, "valid": 0.08477570861577988, "test": 0.08152199536561966}}