{"log_price_RMSE": {"train": 0.2376306653022766, "valid": 0.10458850115537643, "test": 0.05697612464427948}, "log_return_RMSE": {"train": 0.015611881390213966, "valid": 0.013466817326843739, "test": 0.013874360360205173}, "log_return_res_abs_mean": {"train": 0.0115436976775527, "valid": 0.010319053195416927, "test": 0.010279078967869282}, "log_return_res_std": {"train": 0.01562185026705265, "valid": 0.013490303419530392, "test": 0.013900600373744965}, "log_return_coverage": {"train": 0.8032960891723633, "valid": 0.8506656885147095, "test": 0.8678994178771973}, "truth_abs_mean": {"train": 0.011515988036990166, "valid": 0.010290112346410751, "test": 0.010228808969259262}, "truth_std": {"train": 0.015605170279741287, "valid": 0.013477873988449574, "test": 0.01388789527118206}, "vol_inference_error": {"train": 0.11675944179296494, "valid": 0.07964755594730377, "test": 0.07418978214263916}}