{"log_price_RMSE": {"train": 0.11635610461235046, "valid": 0.10638219118118286, "test": 0.20263472199440002}, "log_return_RMSE": {"train": 0.011582844890654087, "valid": 0.010123156942427158, "test": 0.015138695947825909}, "log_return_res_abs_mean": {"train": 0.008386817760765553, "valid": 0.007968232035636902, "test": 0.011619675904512405}, "log_return_res_std": {"train": 0.011589140631258488, "valid": 0.010131387040019035, "test": 0.015133288688957691}, "log_return_coverage": {"train": 0.9230250716209412, "valid": 0.9312977194786072, "test": 0.8097673058509827}, "truth_abs_mean": {"train": 0.008364863693714142, "valid": 0.007965066470205784, "test": 0.01161353662610054}, "truth_std": {"train": 0.011579012498259544, "valid": 0.010130433365702629, "test": 0.015119959600269794}, "vol_inference_error": {"train": 0.0638035461306572, "valid": 0.013011960312724113, "test": 0.08836372941732407}}