{"log_price_RMSE": {"train": 0.09540711343288422, "valid": 1.3923287391662598, "test": 3.053917407989502}, "log_return_RMSE": {"train": 0.015441187657415867, "valid": 0.017759546637535095, "test": 0.023637840524315834}, "log_return_res_abs_mean": {"train": 0.011534957215189934, "valid": 0.014718170277774334, "test": 0.020622069016098976}, "log_return_res_std": {"train": 0.015449593774974346, "valid": 0.014205040410161018, "test": 0.014488277025520802}, "log_return_coverage": {"train": 0.9215203523635864, "valid": 0.9969526529312134, "test": 1.0}, "truth_abs_mean": {"train": 0.011515988036990166, "valid": 0.010290112346410751, "test": 0.010228808969259262}, "truth_std": {"train": 0.015605170279741287, "valid": 0.013477873988449574, "test": 0.01388789527118206}, "vol_inference_error": {"train": 0.04038206860423088, "valid": 0.22871939837932587, "test": 0.38826656341552734}}