{"log_price_RMSE": {"train": 0.18524496257305145, "valid": 0.20427636802196503, "test": 0.08759621530771255}, "log_return_RMSE": {"train": 0.011824452318251133, "valid": 0.020038051530718803, "test": 0.013506020419299603}, "log_return_res_abs_mean": {"train": 0.00894197728484869, "valid": 0.015091070905327797, "test": 0.01036009844392538}, "log_return_res_std": {"train": 0.011822943575680256, "valid": 0.020051291212439537, "test": 0.013531285338103771}, "log_return_coverage": {"train": 0.8550441265106201, "valid": 0.6764644980430603, "test": 0.8405144214630127}, "truth_abs_mean": {"train": 0.008937831968069077, "valid": 0.015055260621011257, "test": 0.01034501288086176}, "truth_std": {"train": 0.011823049746453762, "valid": 0.020042475312948227, "test": 0.013524259440600872}, "vol_inference_error": {"train": 0.06217358261346817, "valid": 0.18494223058223724, "test": 0.08371405303478241}}