{"log_price_RMSE": {"train": 0.09568332135677338, "valid": 0.255427747964859, "test": 0.5813612341880798}, "log_return_RMSE": {"train": 0.015519284643232822, "valid": 0.01364429946988821, "test": 0.014555491507053375}, "log_return_res_abs_mean": {"train": 0.011490283533930779, "valid": 0.010459638200700283, "test": 0.01066513080149889}, "log_return_res_std": {"train": 0.015528744086623192, "valid": 0.013500029221177101, "test": 0.013942359015345573}, "log_return_coverage": {"train": 0.9204193949699402, "valid": 0.9969674348831177, "test": 1.0}, "truth_abs_mean": {"train": 0.011515988036990166, "valid": 0.010290112346410751, "test": 0.010228808969259262}, "truth_std": {"train": 0.015605170279741287, "valid": 0.013477873988449574, "test": 0.01388789527118206}, "vol_inference_error": {"train": 0.04108763113617897, "valid": 0.24631135165691376, "test": 0.41812872886657715}}