{"log_price_RMSE": {"train": 0.15868903696537018, "valid": 0.4970082640647888, "test": 0.1151682585477829}, "log_return_RMSE": {"train": 0.011709488928318024, "valid": 0.020202653482556343, "test": 0.013699216768145561}, "log_return_res_abs_mean": {"train": 0.008929369039833546, "valid": 0.015354225412011147, "test": 0.010436449199914932}, "log_return_res_std": {"train": 0.011706511490046978, "valid": 0.0200183242559433, "test": 0.013649621047079563}, "log_return_coverage": {"train": 0.932858407497406, "valid": 0.8978254199028015, "test": 0.9948320388793945}, "truth_abs_mean": {"train": 0.008937831968069077, "valid": 0.015055260621011257, "test": 0.01034501288086176}, "truth_std": {"train": 0.011823049746453762, "valid": 0.020042475312948227, "test": 0.013524259440600872}, "vol_inference_error": {"train": 0.028963590040802956, "valid": 0.0701000988483429, "test": 0.13907325267791748}}