{"log_price_RMSE": {"train": 0.19044125080108643, "valid": 0.2566804885864258, "test": 0.6561434268951416}, "log_return_RMSE": {"train": 0.011759620159864426, "valid": 0.020083792507648468, "test": 0.01345914788544178}, "log_return_res_abs_mean": {"train": 0.008759616874158382, "valid": 0.015128562226891518, "test": 0.010180791839957237}, "log_return_res_std": {"train": 0.01176340039819479, "valid": 0.020084556192159653, "test": 0.013334092684090137}, "log_return_coverage": {"train": 0.9478872418403625, "valid": 0.8732248544692993, "test": 0.9680818915367126}, "truth_abs_mean": {"train": 0.008752033114433289, "valid": 0.015055260621011257, "test": 0.010057689622044563}, "truth_std": {"train": 0.0118031594902277, "valid": 0.020042475312948227, "test": 0.013312816619873047}, "vol_inference_error": {"train": 0.04050774872303009, "valid": 0.07954049110412598, "test": 0.046184614300727844}}