{"log_price_RMSE": {"train": 0.13749800622463226, "valid": 0.3151414096355438, "test": 0.09429525583982468}, "log_return_RMSE": {"train": 0.011822592467069626, "valid": 0.020115390419960022, "test": 0.013529287651181221}, "log_return_res_abs_mean": {"train": 0.008955009281635284, "valid": 0.0151916379109025, "test": 0.010377533733844757}, "log_return_res_std": {"train": 0.011828223243355751, "valid": 0.020084956660866737, "test": 0.013554667122662067}, "log_return_coverage": {"train": 0.9310036897659302, "valid": 0.9045266509056091, "test": 0.9961240291595459}, "truth_abs_mean": {"train": 0.008937831968069077, "valid": 0.015055260621011257, "test": 0.01034501288086176}, "truth_std": {"train": 0.011823049746453762, "valid": 0.020042475312948227, "test": 0.013524259440600872}, "vol_inference_error": {"train": 0.029339773580431938, "valid": 0.06682360172271729, "test": 0.14860224723815918}}