{"log_price_RMSE": {"train": 0.09704194962978363, "valid": 0.5091493129730225, "test": 0.6256744265556335}, "log_return_RMSE": {"train": 0.011801477521657944, "valid": 0.020300231873989105, "test": 0.014072129502892494}, "log_return_res_abs_mean": {"train": 0.00895786564797163, "valid": 0.015536557883024216, "test": 0.011123724281787872}, "log_return_res_std": {"train": 0.011808465234935284, "valid": 0.02005651965737343, "test": 0.013515597209334373}, "log_return_coverage": {"train": 0.9316691160202026, "valid": 0.9000887870788574, "test": 0.9961240291595459}, "truth_abs_mean": {"train": 0.008937831968069077, "valid": 0.015055260621011257, "test": 0.01034501288086176}, "truth_std": {"train": 0.011823049746453762, "valid": 0.020042475312948227, "test": 0.013524259440600872}, "vol_inference_error": {"train": 0.029305871576070786, "valid": 0.06718447804450989, "test": 0.14720331132411957}}