{"log_price_RMSE": {"train": 0.20505903661251068, "valid": 0.1662651151418686, "test": 0.266448050737381}, "log_return_RMSE": {"train": 0.01174652948975563, "valid": 0.015081084333360195, "test": 0.02013823390007019}, "log_return_res_abs_mean": {"train": 0.00858902558684349, "valid": 0.01157942321151495, "test": 0.015229386277496815}, "log_return_res_std": {"train": 0.011753334663808346, "valid": 0.01509458851069212, "test": 0.020126638934016228}, "log_return_coverage": {"train": 0.9465587139129639, "valid": 0.8659003973007202, "test": 0.7629649639129639}, "truth_abs_mean": {"train": 0.008586342446506023, "valid": 0.01155480369925499, "test": 0.015129736624658108}, "truth_std": {"train": 0.011750750243663788, "valid": 0.015072892419993877, "test": 0.02011014334857464}, "vol_inference_error": {"train": 0.0592893585562706, "valid": 0.06699957698583603, "test": 0.15048983693122864}}