{"log_price_RMSE": {"train": 0.1351618617773056, "valid": 0.21277444064617157, "test": 0.21002469956874847}, "log_return_RMSE": {"train": 0.011754310689866543, "valid": 0.015096361748874187, "test": 0.02010800689458847}, "log_return_res_abs_mean": {"train": 0.00859694741666317, "valid": 0.011566316708922386, "test": 0.015168147161602974}, "log_return_res_std": {"train": 0.01176148559898138, "valid": 0.015090061351656914, "test": 0.020121900364756584}, "log_return_coverage": {"train": 0.9396963715553284, "valid": 0.8478002548217773, "test": 0.7262784838676453}, "truth_abs_mean": {"train": 0.008586342446506023, "valid": 0.01155480369925499, "test": 0.015129736624658108}, "truth_std": {"train": 0.011750750243663788, "valid": 0.015072892419993877, "test": 0.02011014334857464}, "vol_inference_error": {"train": 0.058451488614082336, "valid": 0.07877468317747116, "test": 0.16665096580982208}}