{"log_price_RMSE": {"train": 0.08435684442520142, "valid": 0.09223222732543945, "test": 0.1496739685535431}, "log_return_RMSE": {"train": 0.011622296646237373, "valid": 0.010096896439790726, "test": 0.015157083980739117}, "log_return_res_abs_mean": {"train": 0.008396638557314873, "valid": 0.007953503169119358, "test": 0.011677147820591927}, "log_return_res_std": {"train": 0.011629031039774418, "valid": 0.010106786154210567, "test": 0.015168476849794388}, "log_return_coverage": {"train": 0.9499937891960144, "valid": 0.9901666641235352, "test": 0.9565898180007935}, "truth_abs_mean": {"train": 0.008364863693714142, "valid": 0.007965066470205784, "test": 0.01161353662610054}, "truth_std": {"train": 0.011579012498259544, "valid": 0.010130433365702629, "test": 0.015119959600269794}, "vol_inference_error": {"train": 0.059262827038764954, "valid": 0.05691767856478691, "test": 0.037932880222797394}}