{"log_price_RMSE": {"train": 0.11607599258422852, "valid": 0.10654749721288681, "test": 0.20827552676200867}, "log_return_RMSE": {"train": 0.011581778526306152, "valid": 0.010122292675077915, "test": 0.015139925293624401}, "log_return_res_abs_mean": {"train": 0.00838545337319374, "valid": 0.007967913523316383, "test": 0.011617624200880527}, "log_return_res_std": {"train": 0.01158810406923294, "valid": 0.010131411254405975, "test": 0.015131338499486446}, "log_return_coverage": {"train": 0.9233603477478027, "valid": 0.9312977194786072, "test": 0.8129574656486511}, "truth_abs_mean": {"train": 0.008364863693714142, "valid": 0.007965066470205784, "test": 0.01161353662610054}, "truth_std": {"train": 0.011579012498259544, "valid": 0.010130433365702629, "test": 0.015119959600269794}, "vol_inference_error": {"train": 0.06354361772537231, "valid": 0.01273865345865488, "test": 0.08661183714866638}}