{"log_price_RMSE": {"train": 0.16749854385852814, "valid": 0.2212456613779068, "test": 0.07026861608028412}, "log_return_RMSE": {"train": 0.011811919510364532, "valid": 0.020047198981046677, "test": 0.013312174007296562}, "log_return_res_abs_mean": {"train": 0.008775529451668262, "valid": 0.015102393925189972, "test": 0.010071317665278912}, "log_return_res_std": {"train": 0.01181552093476057, "valid": 0.020054981112480164, "test": 0.013322694227099419}, "log_return_coverage": {"train": 0.9724491238594055, "valid": 0.8636094927787781, "test": 0.9724000096321106}, "truth_abs_mean": {"train": 0.008752033114433289, "valid": 0.015055260621011257, "test": 0.010057689622044563}, "truth_std": {"train": 0.0118031594902277, "valid": 0.020042475312948227, "test": 0.013312816619873047}, "vol_inference_error": {"train": 0.05990113317966461, "valid": 0.0967089980840683, "test": 0.05459343269467354}}