{"log_price_RMSE": {"train": 0.18941734731197357, "valid": 0.17514978349208832, "test": 0.0684933140873909}, "log_return_RMSE": {"train": 0.01180680189281702, "valid": 0.020021574571728706, "test": 0.013304759748280048}, "log_return_res_abs_mean": {"train": 0.008755937218666077, "valid": 0.01506330631673336, "test": 0.010064464993774891}, "log_return_res_std": {"train": 0.011807285249233246, "valid": 0.020044784992933273, "test": 0.013315364718437195}, "log_return_coverage": {"train": 0.9612089991569519, "valid": 0.8269230723381042, "test": 0.9496328234672546}, "truth_abs_mean": {"train": 0.008752033114433289, "valid": 0.015055260621011257, "test": 0.010057689622044563}, "truth_std": {"train": 0.0118031594902277, "valid": 0.020042475312948227, "test": 0.013312816619873047}, "vol_inference_error": {"train": 0.05351036787033081, "valid": 0.13019134104251862, "test": 0.038948290050029755}}