{"log_price_RMSE": {"train": 0.1892777979373932, "valid": 0.2251807153224945, "test": 0.08520245552062988}, "log_return_RMSE": {"train": 0.011807255446910858, "valid": 0.020048389211297035, "test": 0.013311287388205528}, "log_return_res_abs_mean": {"train": 0.008764982223510742, "valid": 0.015109964646399021, "test": 0.010079591535031796}, "log_return_res_std": {"train": 0.011809093877673149, "valid": 0.02005363255739212, "test": 0.013320976868271828}, "log_return_coverage": {"train": 0.9724926352500916, "valid": 0.8627958297729492, "test": 0.9723721146583557}, "truth_abs_mean": {"train": 0.008752033114433289, "valid": 0.015055260621011257, "test": 0.010057689622044563}, "truth_std": {"train": 0.0118031594902277, "valid": 0.020042475312948227, "test": 0.013312816619873047}, "vol_inference_error": {"train": 0.06002894043922424, "valid": 0.09658042341470718, "test": 0.05436282232403755}}