{"log_price_RMSE": {"train": 0.2310943752527237, "valid": 0.11620450019836426, "test": 0.06037792190909386}, "log_return_RMSE": {"train": 0.015611804090440273, "valid": 0.013467894867062569, "test": 0.013874880969524384}, "log_return_res_abs_mean": {"train": 0.011546118184924126, "valid": 0.010325290262699127, "test": 0.010289451107382774}, "log_return_res_std": {"train": 0.015621776692569256, "valid": 0.013489444740116596, "test": 0.013900025747716427}, "log_return_coverage": {"train": 0.8015459179878235, "valid": 0.849600613117218, "test": 0.8625443577766418}, "truth_abs_mean": {"train": 0.011515988036990166, "valid": 0.010290112346410751, "test": 0.010228808969259262}, "truth_std": {"train": 0.015605170279741287, "valid": 0.013477873988449574, "test": 0.01388789527118206}, "vol_inference_error": {"train": 0.11762668192386627, "valid": 0.08127110451459885, "test": 0.07647460699081421}}