{"log_price_RMSE": {"train": 0.14185437560081482, "valid": 0.21980898082256317, "test": 0.20255979895591736}, "log_return_RMSE": {"train": 0.011753298342227936, "valid": 0.015097428113222122, "test": 0.02010343223810196}, "log_return_res_abs_mean": {"train": 0.008595406077802181, "valid": 0.01156278233975172, "test": 0.015162156894803047}, "log_return_res_std": {"train": 0.011760641820728779, "valid": 0.015087064355611801, "test": 0.020119670778512955}, "log_return_coverage": {"train": 0.9421871900558472, "valid": 0.8620689511299133, "test": 0.7325581312179565}, "truth_abs_mean": {"train": 0.008586342446506023, "valid": 0.01155480369925499, "test": 0.015129736624658108}, "truth_std": {"train": 0.011750750243663788, "valid": 0.015072892419993877, "test": 0.02011014334857464}, "vol_inference_error": {"train": 0.058609914034605026, "valid": 0.07522507756948471, "test": 0.16173860430717468}}