{"log_price_RMSE": {"train": 0.2107505351305008, "valid": 0.17611388862133026, "test": 0.06942792981863022}, "log_return_RMSE": {"train": 0.011805230751633644, "valid": 0.020021425560116768, "test": 0.01330367848277092}, "log_return_res_abs_mean": {"train": 0.008755520917475224, "valid": 0.015066291205585003, "test": 0.01006501168012619}, "log_return_res_std": {"train": 0.011805339716374874, "valid": 0.02004409395158291, "test": 0.013314266689121723}, "log_return_coverage": {"train": 0.9599816203117371, "valid": 0.8269230723381042, "test": 0.9458598494529724}, "truth_abs_mean": {"train": 0.008752033114433289, "valid": 0.015055260621011257, "test": 0.010057689622044563}, "truth_std": {"train": 0.0118031594902277, "valid": 0.020042475312948227, "test": 0.013312816619873047}, "vol_inference_error": {"train": 0.05335176736116409, "valid": 0.1328088343143463, "test": 0.04012017697095871}}