{"log_price_RMSE": {"train": 0.3164689242839813, "valid": 0.06181279197335243, "test": 0.07749258726835251}, "log_return_RMSE": {"train": 0.015600739978253841, "valid": 0.013457699678838253, "test": 0.013872533105313778}, "log_return_res_abs_mean": {"train": 0.011517603881657124, "valid": 0.010293655097484589, "test": 0.010233720764517784}, "log_return_res_std": {"train": 0.015607316046953201, "valid": 0.013483493588864803, "test": 0.013896146789193153}, "log_return_coverage": {"train": 0.797429084777832, "valid": 0.8388165831565857, "test": 0.8475443720817566}, "truth_abs_mean": {"train": 0.011515988036990166, "valid": 0.010290112346410751, "test": 0.010228808969259262}, "truth_std": {"train": 0.015605170279741287, "valid": 0.013477873988449574, "test": 0.01388789527118206}, "vol_inference_error": {"train": 0.11807091534137726, "valid": 0.08262134343385696, "test": 0.0785074532032013}}