{"log_price_RMSE": {"train": 0.20882421731948853, "valid": 0.23393692076206207, "test": 0.08783118426799774}, "log_return_RMSE": {"train": 0.011834460310637951, "valid": 0.020053952932357788, "test": 0.013510452583432198}, "log_return_res_abs_mean": {"train": 0.008960846811532974, "valid": 0.015113824978470802, "test": 0.01036208588629961}, "log_return_res_std": {"train": 0.01183214969933033, "valid": 0.020056933164596558, "test": 0.01353585533797741}, "log_return_coverage": {"train": 0.855704665184021, "valid": 0.69107985496521, "test": 0.8486719727516174}, "truth_abs_mean": {"train": 0.008937831968069077, "valid": 0.015055260621011257, "test": 0.01034501288086176}, "truth_std": {"train": 0.011823049746453762, "valid": 0.020042475312948227, "test": 0.013524259440600872}, "vol_inference_error": {"train": 0.061198316514492035, "valid": 0.1824589967727661, "test": 0.08057771623134613}}