{"log_price_RMSE": {"train": 0.22594287991523743, "valid": 0.24990242719650269, "test": 0.16307060420513153}, "log_return_RMSE": {"train": 0.01174449734389782, "valid": 0.015104277990758419, "test": 0.020081542432308197}, "log_return_res_abs_mean": {"train": 0.008586346171796322, "valid": 0.011554807424545288, "test": 0.015129763633012772}, "log_return_res_std": {"train": 0.011750755831599236, "valid": 0.015072904527187347, "test": 0.020110152661800385}, "log_return_coverage": {"train": 0.9352337121963501, "valid": 0.8188958168029785, "test": 0.7054263353347778}, "truth_abs_mean": {"train": 0.008586342446506023, "valid": 0.01155480369925499, "test": 0.015129736624658108}, "truth_std": {"train": 0.011750750243663788, "valid": 0.015072892419993877, "test": 0.02011014334857464}, "vol_inference_error": {"train": 0.05840139091014862, "valid": 0.08515124768018723, "test": 0.17572224140167236}}