{"log_price_RMSE": {"train": 0.4058823585510254, "valid": 0.5184866189956665, "test": 0.6055618524551392}, "log_return_RMSE": {"train": 0.011554521508514881, "valid": 0.020438579842448235, "test": 0.01502944529056549}, "log_return_res_abs_mean": {"train": 0.008690874092280865, "valid": 0.01554073952138424, "test": 0.01186551246792078}, "log_return_res_std": {"train": 0.01155160553753376, "valid": 0.020284006372094154, "test": 0.01500441413372755}, "log_return_coverage": {"train": 0.9424758553504944, "valid": 0.8786538243293762, "test": 0.9554368257522583}, "truth_abs_mean": {"train": 0.008752033114433289, "valid": 0.015055260621011257, "test": 0.010057689622044563}, "truth_std": {"train": 0.0118031594902277, "valid": 0.020042475312948227, "test": 0.013312816619873047}, "vol_inference_error": {"train": 0.04030270501971245, "valid": 0.09011594206094742, "test": 0.04076008498668671}}