{"log_price_RMSE": {"train": 0.14983013272285461, "valid": 0.10768997669219971, "test": 0.21866539120674133}, "log_return_RMSE": {"train": 0.011572287417948246, "valid": 0.010124987922608852, "test": 0.01514630950987339}, "log_return_res_abs_mean": {"train": 0.00836728885769844, "valid": 0.00796870794147253, "test": 0.011618002317845821}, "log_return_res_std": {"train": 0.011579564772546291, "valid": 0.010132079012691975, "test": 0.01513353455811739}, "log_return_coverage": {"train": 0.9301924109458923, "valid": 0.9430540204048157, "test": 0.844456672668457}, "truth_abs_mean": {"train": 0.008364863693714142, "valid": 0.007965066470205784, "test": 0.01161353662610054}, "truth_std": {"train": 0.011579012498259544, "valid": 0.010130433365702629, "test": 0.015119959600269794}, "vol_inference_error": {"train": 0.06256969273090363, "valid": 0.013648993335664272, "test": 0.07885909080505371}}