{"log_price_RMSE": {"train": 0.03084264136850834, "valid": 0.39947038888931274, "test": 0.08724503964185715}, "log_return_RMSE": {"train": 0.011718126945197582, "valid": 0.020118223503232002, "test": 0.013620710000395775}, "log_return_res_abs_mean": {"train": 0.008932489901781082, "valid": 0.015256685204803944, "test": 0.010378817096352577}, "log_return_res_std": {"train": 0.011725525371730328, "valid": 0.020019283518195152, "test": 0.01362976711243391}, "log_return_coverage": {"train": 0.9317895174026489, "valid": 0.8986982107162476, "test": 0.9952376484870911}, "truth_abs_mean": {"train": 0.008937831968069077, "valid": 0.015055260621011257, "test": 0.01034501288086176}, "truth_std": {"train": 0.011823049746453762, "valid": 0.020042475312948227, "test": 0.013524259440600872}, "vol_inference_error": {"train": 0.028996339067816734, "valid": 0.06957215070724487, "test": 0.1408482939004898}}