{"log_price_RMSE": {"train": 0.2083144336938858, "valid": 0.2556639313697815, "test": 0.15903156995773315}, "log_return_RMSE": {"train": 0.011744671501219273, "valid": 0.015108149498701096, "test": 0.020079903304576874}, "log_return_res_abs_mean": {"train": 0.008587722666561604, "valid": 0.011558531783521175, "test": 0.015127678401768208}, "log_return_res_std": {"train": 0.011751517653465271, "valid": 0.015073022805154324, "test": 0.020109813660383224}, "log_return_coverage": {"train": 0.9318675994873047, "valid": 0.8387868404388428, "test": 0.7205696702003479}, "truth_abs_mean": {"train": 0.008586342446506023, "valid": 0.01155480369925499, "test": 0.015129736624658108}, "truth_std": {"train": 0.011750750243663788, "valid": 0.015072892419993877, "test": 0.02011014334857464}, "vol_inference_error": {"train": 0.0503741092979908, "valid": 0.08142367005348206, "test": 0.16909030079841614}}