{"log_price_RMSE": {"train": 0.09069999307394028, "valid": 0.16008149087429047, "test": 0.4071759879589081}, "log_return_RMSE": {"train": 0.011704874224960804, "valid": 0.01509272400289774, "test": 0.020234616473317146}, "log_return_res_abs_mean": {"train": 0.008555836975574493, "valid": 0.011733452789485455, "test": 0.015394425950944424}, "log_return_res_std": {"train": 0.011711028404533863, "valid": 0.015075326897203922, "test": 0.020126160234212875}, "log_return_coverage": {"train": 0.9501737356185913, "valid": 0.8712731599807739, "test": 0.7114506363868713}, "truth_abs_mean": {"train": 0.008586342446506023, "valid": 0.01155480369925499, "test": 0.015129736624658108}, "truth_std": {"train": 0.011750750243663788, "valid": 0.015072892419993877, "test": 0.02011014334857464}, "vol_inference_error": {"train": 0.04842598736286163, "valid": 0.07496695965528488, "test": 0.17324036359786987}}