{"log_price_RMSE": {"train": 0.11632529646158218, "valid": 0.10641837865114212, "test": 0.20513203740119934}, "log_return_RMSE": {"train": 0.0115822684019804, "valid": 0.010122538544237614, "test": 0.015139099210500717}, "log_return_res_abs_mean": {"train": 0.008386065252125263, "valid": 0.007968001067638397, "test": 0.011618634685873985}, "log_return_res_std": {"train": 0.011588577181100845, "valid": 0.01013137772679329, "test": 0.015132268890738487}, "log_return_coverage": {"train": 0.9232736825942993, "valid": 0.9312977194786072, "test": 0.8108108043670654}, "truth_abs_mean": {"train": 0.008364863693714142, "valid": 0.007965066470205784, "test": 0.01161353662610054}, "truth_std": {"train": 0.011579012498259544, "valid": 0.010130433365702629, "test": 0.015119959600269794}, "vol_inference_error": {"train": 0.06368985027074814, "valid": 0.012877353467047215, "test": 0.08762054890394211}}