{"log_price_RMSE": {"train": 0.14148572087287903, "valid": 0.2224729061126709, "test": 0.1996835172176361}, "log_return_RMSE": {"train": 0.011753334663808346, "valid": 0.01509831566363573, "test": 0.020101970061659813}, "log_return_res_abs_mean": {"train": 0.008595381863415241, "valid": 0.01156191248446703, "test": 0.01515938900411129}, "log_return_res_std": {"train": 0.011760672554373741, "valid": 0.015086459927260876, "test": 0.02011922560632229}, "log_return_coverage": {"train": 0.9438466429710388, "valid": 0.8620689511299133, "test": 0.7365392446517944}, "truth_abs_mean": {"train": 0.008586342446506023, "valid": 0.01155480369925499, "test": 0.015129736624658108}, "truth_std": {"train": 0.011750750243663788, "valid": 0.015072892419993877, "test": 0.02011014334857464}, "vol_inference_error": {"train": 0.058649010956287384, "valid": 0.07459323108196259, "test": 0.16084718704223633}}