{"log_price_RMSE": {"train": 0.16995009779930115, "valid": 0.22215645015239716, "test": 0.07049556076526642}, "log_return_RMSE": {"train": 0.011812013573944569, "valid": 0.02004764787852764, "test": 0.013312282972037792}, "log_return_res_abs_mean": {"train": 0.008775923401117325, "valid": 0.015103268437087536, "test": 0.010071818716824055}, "log_return_res_std": {"train": 0.011815650388598442, "valid": 0.020055070519447327, "test": 0.013322781771421432}, "log_return_coverage": {"train": 0.972955584526062, "valid": 0.8677070736885071, "test": 0.9739872813224792}, "truth_abs_mean": {"train": 0.008752033114433289, "valid": 0.015055260621011257, "test": 0.010057689622044563}, "truth_std": {"train": 0.0118031594902277, "valid": 0.020042475312948227, "test": 0.013312816619873047}, "vol_inference_error": {"train": 0.06065262481570244, "valid": 0.09408427774906158, "test": 0.05781732127070427}}