{"log_price_RMSE": {"train": 0.17577262222766876, "valid": 0.258403480052948, "test": 0.09742050617933273}, "log_return_RMSE": {"train": 0.01182583812624216, "valid": 0.020067553967237473, "test": 0.013513698242604733}, "log_return_res_abs_mean": {"train": 0.008957691490650177, "valid": 0.01513662189245224, "test": 0.010368546470999718}, "log_return_res_std": {"train": 0.01182757318019867, "valid": 0.020060477778315544, "test": 0.013538219034671783}, "log_return_coverage": {"train": 0.8392401337623596, "valid": 0.6307692527770996, "test": 0.7674418687820435}, "truth_abs_mean": {"train": 0.008937831968069077, "valid": 0.015055260621011257, "test": 0.01034501288086176}, "truth_std": {"train": 0.011823049746453762, "valid": 0.020042475312948227, "test": 0.013524259440600872}, "vol_inference_error": {"train": 0.06991748511791229, "valid": 0.20215660333633423, "test": 0.10439371317625046}}