{"log_price_RMSE": {"train": 0.3207474648952484, "valid": 0.05934040993452072, "test": 0.06431559473276138}, "log_return_RMSE": {"train": 0.0156907569617033, "valid": 0.01353061106055975, "test": 0.013946861028671265}, "log_return_res_abs_mean": {"train": 0.011648856103420258, "valid": 0.010374109260737896, "test": 0.010315888561308384}, "log_return_res_std": {"train": 0.015689123421907425, "valid": 0.013543473556637764, "test": 0.013970321044325829}, "log_return_coverage": {"train": 0.9241806864738464, "valid": 0.9969083070755005, "test": 1.0}, "truth_abs_mean": {"train": 0.011515988036990166, "valid": 0.010290112346410751, "test": 0.010228808969259262}, "truth_std": {"train": 0.015605170279741287, "valid": 0.013477873988449574, "test": 0.01388789527118206}, "vol_inference_error": {"train": 0.04077457636594772, "valid": 0.23808929324150085, "test": 0.407288521528244}}