{"log_price_RMSE": {"train": 0.0632452517747879, "valid": 0.09721007198095322, "test": 1.9781783819198608}, "log_return_RMSE": {"train": 0.011553594842553139, "valid": 0.020276127383112907, "test": 0.022321481257677078}, "log_return_res_abs_mean": {"train": 0.008705279789865017, "valid": 0.015635350719094276, "test": 0.01846170611679554}, "log_return_res_std": {"train": 0.011560041457414627, "valid": 0.0202920064330101, "test": 0.01592075452208519}, "log_return_coverage": {"train": 0.9065461158752441, "valid": 0.9424852132797241, "test": 0.9773150682449341}, "truth_abs_mean": {"train": 0.008937831968069077, "valid": 0.015055260621011257, "test": 0.01034501288086176}, "truth_std": {"train": 0.011823049746453762, "valid": 0.020042475312948227, "test": 0.013524259440600872}, "vol_inference_error": {"train": 0.02599344030022621, "valid": 0.05860363692045212, "test": 0.1596589982509613}}