{"log_price_RMSE": {"train": 0.23499737679958344, "valid": 0.19956235587596893, "test": 0.11287452280521393}, "log_return_RMSE": {"train": 0.01563173346221447, "valid": 0.01349566224962473, "test": 0.013887819834053516}, "log_return_res_abs_mean": {"train": 0.011617324315011501, "valid": 0.010383857414126396, "test": 0.010346682742238045}, "log_return_res_std": {"train": 0.015624381601810455, "valid": 0.013489915058016777, "test": 0.013897622004151344}, "log_return_coverage": {"train": 0.9206607937812805, "valid": 0.9969822764396667, "test": 1.0}, "truth_abs_mean": {"train": 0.011515988036990166, "valid": 0.010290112346410751, "test": 0.010228808969259262}, "truth_std": {"train": 0.015605170279741287, "valid": 0.013477873988449574, "test": 0.01388789527118206}, "vol_inference_error": {"train": 0.040209971368312836, "valid": 0.22891762852668762, "test": 0.3868928551673889}}