{"log_price_RMSE": {"train": 0.11853338778018951, "valid": 0.2619490623474121, "test": 0.497357577085495}, "log_return_RMSE": {"train": 0.015518336556851864, "valid": 0.013613993301987648, "test": 0.01438987161964178}, "log_return_res_abs_mean": {"train": 0.01148785836994648, "valid": 0.010443517006933689, "test": 0.010528978891670704}, "log_return_res_std": {"train": 0.015528243966400623, "valid": 0.01348165888339281, "test": 0.013934347778558731}, "log_return_coverage": {"train": 0.920823872089386, "valid": 0.9969230890274048, "test": 1.0}, "truth_abs_mean": {"train": 0.011515988036990166, "valid": 0.010290112346410751, "test": 0.010228808969259262}, "truth_std": {"train": 0.015605170279741287, "valid": 0.013477873988449574, "test": 0.01388789527118206}, "vol_inference_error": {"train": 0.04110672324895859, "valid": 0.24667178094387054, "test": 0.41847479343414307}}