{"log_price_RMSE": {"train": 0.09475921094417572, "valid": 0.21692249178886414, "test": 0.49630671739578247}, "log_return_RMSE": {"train": 0.01172696240246296, "valid": 0.020043421536684036, "test": 0.013372899033129215}, "log_return_res_abs_mean": {"train": 0.008728396147489548, "valid": 0.015068361535668373, "test": 0.010116936638951302}, "log_return_res_std": {"train": 0.011730312369763851, "valid": 0.02005854994058609, "test": 0.013329450972378254}, "log_return_coverage": {"train": 0.9510736465454102, "valid": 0.8701035380363464, "test": 0.9573106169700623}, "truth_abs_mean": {"train": 0.008752033114433289, "valid": 0.015055260621011257, "test": 0.010057689622044563}, "truth_std": {"train": 0.0118031594902277, "valid": 0.020042475312948227, "test": 0.013312816619873047}, "vol_inference_error": {"train": 0.03862663358449936, "valid": 0.09058114141225815, "test": 0.03222934529185295}}