{"log_price_RMSE": {"train": 0.1523238569498062, "valid": 0.12246794253587723, "test": 0.30844974517822266}, "log_return_RMSE": {"train": 0.011558673344552517, "valid": 0.010143584571778774, "test": 0.015198562294244766}, "log_return_res_abs_mean": {"train": 0.00836277473717928, "valid": 0.007990370504558086, "test": 0.01164945773780346}, "log_return_res_std": {"train": 0.011561769060790539, "valid": 0.010127146728336811, "test": 0.015120957978069782}, "log_return_coverage": {"train": 0.9489308595657349, "valid": 0.8954606652259827, "test": 0.7334267497062683}, "truth_abs_mean": {"train": 0.008364863693714142, "valid": 0.007965066470205784, "test": 0.01161353662610054}, "truth_std": {"train": 0.011579012498259544, "valid": 0.010130433365702629, "test": 0.015119959600269794}, "vol_inference_error": {"train": 0.04912194609642029, "valid": 0.02417481690645218, "test": 0.11203614622354507}}