{"log_price_RMSE": {"train": 0.1521873027086258, "valid": 0.2346617579460144, "test": 0.0801834687590599}, "log_return_RMSE": {"train": 0.011810137890279293, "valid": 0.02005370892584324, "test": 0.013312970288097858}, "log_return_res_abs_mean": {"train": 0.008773576468229294, "valid": 0.015116346068680286, "test": 0.01007844228297472}, "log_return_res_std": {"train": 0.011813484132289886, "valid": 0.02005579322576523, "test": 0.013322918675839901}, "log_return_coverage": {"train": 0.9537089467048645, "valid": 0.781139075756073, "test": 0.9120679497718811}, "truth_abs_mean": {"train": 0.008752033114433289, "valid": 0.015055260621011257, "test": 0.010057689622044563}, "truth_std": {"train": 0.0118031594902277, "valid": 0.020042475312948227, "test": 0.013312816619873047}, "vol_inference_error": {"train": 0.05283624678850174, "valid": 0.14772067964076996, "test": 0.050885286182165146}}