{"log_price_RMSE": {"train": 0.15414245426654816, "valid": 0.23318415880203247, "test": 0.07720372825860977}, "log_return_RMSE": {"train": 0.011810831725597382, "valid": 0.020053112879395485, "test": 0.01331294048577547}, "log_return_res_abs_mean": {"train": 0.008774474263191223, "valid": 0.015114589594304562, "test": 0.010076869279146194}, "log_return_res_std": {"train": 0.01181424967944622, "valid": 0.020055919885635376, "test": 0.013323063030838966}, "log_return_coverage": {"train": 0.9582631587982178, "valid": 0.8153846263885498, "test": 0.9267516136169434}, "truth_abs_mean": {"train": 0.008752033114433289, "valid": 0.015055260621011257, "test": 0.010057689622044563}, "truth_std": {"train": 0.0118031594902277, "valid": 0.020042475312948227, "test": 0.013312816619873047}, "vol_inference_error": {"train": 0.052997127175331116, "valid": 0.13864918053150177, "test": 0.043423671275377274}}