{"log_price_RMSE": {"train": 0.0981796532869339, "valid": 0.10990136116743088, "test": 0.3500111401081085}, "log_return_RMSE": {"train": 0.011732032522559166, "valid": 0.015061086043715477, "test": 0.02018982358276844}, "log_return_res_abs_mean": {"train": 0.00857964251190424, "valid": 0.011591297574341297, "test": 0.015336613170802593}, "log_return_res_std": {"train": 0.011739492416381836, "valid": 0.015087917447090149, "test": 0.020120151340961456}, "log_return_coverage": {"train": 0.9451920986175537, "valid": 0.8708915114402771, "test": 0.7321224808692932}, "truth_abs_mean": {"train": 0.008586342446506023, "valid": 0.01155480369925499, "test": 0.015129736624658108}, "truth_std": {"train": 0.011750750243663788, "valid": 0.015072892419993877, "test": 0.02011014334857464}, "vol_inference_error": {"train": 0.049122851341962814, "valid": 0.0685228630900383, "test": 0.16187801957130432}}