{"log_price_RMSE": {"train": 0.2964326739311218, "valid": 0.08103685826063156, "test": 0.06409566849470139}, "log_return_RMSE": {"train": 0.015602370724081993, "valid": 0.013456377200782299, "test": 0.013866403140127659}, "log_return_res_abs_mean": {"train": 0.0115231117233634, "valid": 0.01030022744089365, "test": 0.010244501754641533}, "log_return_res_std": {"train": 0.01561037264764309, "valid": 0.013481970876455307, "test": 0.01389236468821764}, "log_return_coverage": {"train": 0.8101221919059753, "valid": 0.883047342300415, "test": 0.8829881548881531}, "truth_abs_mean": {"train": 0.011515988036990166, "valid": 0.010290112346410751, "test": 0.010228808969259262}, "truth_std": {"train": 0.015605170279741287, "valid": 0.013477873988449574, "test": 0.01388789527118206}, "vol_inference_error": {"train": 0.11302249878644943, "valid": 0.07273511588573456, "test": 0.0643000602722168}}