{"log_price_RMSE": {"train": 0.17805007100105286, "valid": 0.19919754564762115, "test": 0.08105947077274323}, "log_return_RMSE": {"train": 0.011822856962680817, "valid": 0.020037736743688583, "test": 0.01350844744592905}, "log_return_res_abs_mean": {"train": 0.008938870392739773, "valid": 0.015087473206222057, "test": 0.010358596220612526}, "log_return_res_std": {"train": 0.011821954511106014, "valid": 0.020053014159202576, "test": 0.013534275814890862}, "log_return_coverage": {"train": 0.8466768264770508, "valid": 0.6535798907279968, "test": 0.8132774233818054}, "truth_abs_mean": {"train": 0.008937831968069077, "valid": 0.015055260621011257, "test": 0.01034501288086176}, "truth_std": {"train": 0.011823049746453762, "valid": 0.020042475312948227, "test": 0.013524259440600872}, "vol_inference_error": {"train": 0.0666973665356636, "valid": 0.19544626772403717, "test": 0.09668586403131485}}