{"log_price_RMSE": {"train": 0.14950616657733917, "valid": 0.10796155780553818, "test": 0.22044013440608978}, "log_return_RMSE": {"train": 0.011572260409593582, "valid": 0.010126044973731041, "test": 0.015147454105317593}, "log_return_res_abs_mean": {"train": 0.008367413654923439, "valid": 0.00796932727098465, "test": 0.011618081480264664}, "log_return_res_std": {"train": 0.01157953031361103, "valid": 0.010132381692528725, "test": 0.01513377670198679}, "log_return_coverage": {"train": 0.9303183555603027, "valid": 0.944088339805603, "test": 0.8449933528900146}, "truth_abs_mean": {"train": 0.008364863693714142, "valid": 0.007965066470205784, "test": 0.01161353662610054}, "truth_std": {"train": 0.011579012498259544, "valid": 0.010130433365702629, "test": 0.015119959600269794}, "vol_inference_error": {"train": 0.0625300332903862, "valid": 0.013765898533165455, "test": 0.07854341715574265}}