{"log_price_RMSE": {"train": 0.19676624238491058, "valid": 0.22636091709136963, "test": 0.08399733155965805}, "log_return_RMSE": {"train": 0.011807211674749851, "valid": 0.02004929631948471, "test": 0.013311645947396755}, "log_return_res_abs_mean": {"train": 0.00876452587544918, "valid": 0.015110778622329235, "test": 0.010079405270516872}, "log_return_res_std": {"train": 0.011808834038674831, "valid": 0.020054196938872337, "test": 0.013321388512849808}, "log_return_coverage": {"train": 0.9715708494186401, "valid": 0.8551035523414612, "test": 0.9690555334091187}, "truth_abs_mean": {"train": 0.008752033114433289, "valid": 0.015055260621011257, "test": 0.010057689622044563}, "truth_std": {"train": 0.0118031594902277, "valid": 0.020042475312948227, "test": 0.013312816619873047}, "vol_inference_error": {"train": 0.058710720390081406, "valid": 0.10149549692869186, "test": 0.04891553148627281}}