{"log_price_RMSE": {"train": 0.10081382840871811, "valid": 0.15250147879123688, "test": 0.051224235445261}, "log_return_RMSE": {"train": 0.011867976747453213, "valid": 0.020058168098330498, "test": 0.013357778079807758}, "log_return_res_abs_mean": {"train": 0.008828297257423401, "valid": 0.015092526562511921, "test": 0.010108720511198044}, "log_return_res_std": {"train": 0.011871782131493092, "valid": 0.020089110359549522, "test": 0.013368373736739159}, "log_return_coverage": {"train": 0.9601679444313049, "valid": 0.8199999928474426, "test": 0.9400153160095215}, "truth_abs_mean": {"train": 0.008752033114433289, "valid": 0.015055260621011257, "test": 0.010057689622044563}, "truth_std": {"train": 0.0118031594902277, "valid": 0.020042475312948227, "test": 0.013312816619873047}, "vol_inference_error": {"train": 0.05255338177084923, "valid": 0.13483652472496033, "test": 0.04152453690767288}}