{"log_price_RMSE": {"train": 0.2165626734495163, "valid": 0.06907801330089569, "test": 0.4000166952610016}, "log_return_RMSE": {"train": 0.011761904694139957, "valid": 0.015068763867020607, "test": 0.020230894908308983}, "log_return_res_abs_mean": {"train": 0.008604170754551888, "valid": 0.011630483902990818, "test": 0.015388516709208488}, "log_return_res_std": {"train": 0.011765506118535995, "valid": 0.01509665697813034, "test": 0.02012796700000763}, "log_return_coverage": {"train": 0.9359121322631836, "valid": 0.8647700548171997, "test": 0.7004987597465515}, "truth_abs_mean": {"train": 0.008586342446506023, "valid": 0.01155480369925499, "test": 0.015129736624658108}, "truth_std": {"train": 0.011750750243663788, "valid": 0.015072892419993877, "test": 0.02011014334857464}, "vol_inference_error": {"train": 0.05773600935935974, "valid": 0.07830257713794708, "test": 0.17707452178001404}}