{"log_price_RMSE": {"train": 0.6196946501731873, "valid": 0.34823742508888245, "test": 1.8847181797027588}, "log_return_RMSE": {"train": 0.01158993598073721, "valid": 0.020868375897407532, "test": 0.015417982824146748}, "log_return_res_abs_mean": {"train": 0.008754157461225986, "valid": 0.015828369185328484, "test": 0.011996456421911716}, "log_return_res_std": {"train": 0.011580252088606358, "valid": 0.020893478766083717, "test": 0.015260525979101658}, "log_return_coverage": {"train": 0.9501415491104126, "valid": 0.8786242604255676, "test": 0.9674099087715149}, "truth_abs_mean": {"train": 0.008752033114433289, "valid": 0.015055260621011257, "test": 0.010057689622044563}, "truth_std": {"train": 0.0118031594902277, "valid": 0.020042475312948227, "test": 0.013312816619873047}, "vol_inference_error": {"train": 0.041834697127342224, "valid": 0.08952909708023071, "test": 0.0668845847249031}}