{"log_price_RMSE": {"train": 0.12662576138973236, "valid": 0.12372861802577972, "test": 0.5438592433929443}, "log_return_RMSE": {"train": 0.011729183606803417, "valid": 0.015102624893188477, "test": 0.020379239693284035}, "log_return_res_abs_mean": {"train": 0.008583176881074905, "valid": 0.0117225656285882, "test": 0.015590457245707512}, "log_return_res_std": {"train": 0.011733791790902615, "valid": 0.015094459056854248, "test": 0.020126262679696083}, "log_return_coverage": {"train": 0.9500289559364319, "valid": 0.8644177317619324, "test": 0.7027372121810913}, "truth_abs_mean": {"train": 0.008586342446506023, "valid": 0.01155480369925499, "test": 0.015129736624658108}, "truth_std": {"train": 0.011750750243663788, "valid": 0.015072892419993877, "test": 0.02011014334857464}, "vol_inference_error": {"train": 0.04807404428720474, "valid": 0.07746590673923492, "test": 0.17517274618148804}}