{"log_price_RMSE": {"train": 0.0641004741191864, "valid": 0.06338382512331009, "test": 0.1527698040008545}, "log_return_RMSE": {"train": 0.011553118005394936, "valid": 0.009990719147026539, "test": 0.015208781696856022}, "log_return_res_abs_mean": {"train": 0.00837406050413847, "valid": 0.007857972756028175, "test": 0.011778001673519611}, "log_return_res_std": {"train": 0.01155982818454504, "valid": 0.010002612136304379, "test": 0.015206880867481232}, "log_return_coverage": {"train": 0.949705958366394, "valid": 0.9821543097496033, "test": 0.9227501153945923}, "truth_abs_mean": {"train": 0.008364863693714142, "valid": 0.007965066470205784, "test": 0.01161353662610054}, "truth_std": {"train": 0.011579012498259544, "valid": 0.010130433365702629, "test": 0.015119959600269794}, "vol_inference_error": {"train": 0.05740201845765114, "valid": 0.040668170899152756, "test": 0.04481989145278931}}