{"log_price_RMSE": {"train": 0.24084383249282837, "valid": 0.10063913464546204, "test": 0.056538693606853485}, "log_return_RMSE": {"train": 0.015611846931278706, "valid": 0.01346643641591072, "test": 0.013874148018658161}, "log_return_res_abs_mean": {"train": 0.011542657390236855, "valid": 0.010316814295947552, "test": 0.010275272652506828}, "log_return_res_std": {"train": 0.015621793456375599, "valid": 0.013490456156432629, "test": 0.013900632970035076}, "log_return_coverage": {"train": 0.805928647518158, "valid": 0.861863911151886, "test": 0.8723520636558533}, "truth_abs_mean": {"train": 0.011515988036990166, "valid": 0.010290112346410751, "test": 0.010228808969259262}, "truth_std": {"train": 0.015605170279741287, "valid": 0.013477873988449574, "test": 0.01388789527118206}, "vol_inference_error": {"train": 0.11560460925102234, "valid": 0.07749547064304352, "test": 0.07113929092884064}}