{"log_price_RMSE": {"train": 0.08159738779067993, "valid": 0.15225178003311157, "test": 0.24209831655025482}, "log_return_RMSE": {"train": 0.011540566571056843, "valid": 0.010088381357491016, "test": 0.015156969428062439}, "log_return_res_abs_mean": {"train": 0.00833737850189209, "valid": 0.007966265082359314, "test": 0.011633176356554031}, "log_return_res_std": {"train": 0.011547716334462166, "valid": 0.010107656940817833, "test": 0.015124090947210789}, "log_return_coverage": {"train": 0.9508375525474548, "valid": 0.98732590675354, "test": 0.9511784315109253}, "truth_abs_mean": {"train": 0.008364863693714142, "valid": 0.007965066470205784, "test": 0.01161353662610054}, "truth_std": {"train": 0.011579012498259544, "valid": 0.010130433365702629, "test": 0.015119959600269794}, "vol_inference_error": {"train": 0.06007896363735199, "valid": 0.058611687272787094, "test": 0.03660185635089874}}