{"log_price_RMSE": {"train": 0.2428998053073883, "valid": 0.3464711308479309, "test": 0.2681575417518616}, "log_return_RMSE": {"train": 0.011662567965686321, "valid": 0.010275866836309433, "test": 0.015266911126673222}, "log_return_res_abs_mean": {"train": 0.008462096564471722, "valid": 0.008143337443470955, "test": 0.01193846482783556}, "log_return_res_std": {"train": 0.011645158752799034, "valid": 0.01010824739933014, "test": 0.015167387202382088}, "log_return_coverage": {"train": 0.941508412361145, "valid": 0.7485723495483398, "test": 0.41411128640174866}, "truth_abs_mean": {"train": 0.008364863693714142, "valid": 0.007965066470205784, "test": 0.01161353662610054}, "truth_std": {"train": 0.011579012498259544, "valid": 0.010130433365702629, "test": 0.015119959600269794}, "vol_inference_error": {"train": 0.045428406447172165, "valid": 0.06603796035051346, "test": 0.1769113391637802}}