{"log_price_RMSE": {"train": 0.22067144513130188, "valid": 0.10593526065349579, "test": 0.2088874727487564}, "log_return_RMSE": {"train": 0.01158339437097311, "valid": 0.010125271044671535, "test": 0.015145177021622658}, "log_return_res_abs_mean": {"train": 0.008405016735196114, "valid": 0.007972310297191143, "test": 0.011622574180364609}, "log_return_res_std": {"train": 0.011581121943891048, "valid": 0.010134153999388218, "test": 0.015135927125811577}, "log_return_coverage": {"train": 0.9410995841026306, "valid": 0.8874773979187012, "test": 0.6739464402198792}, "truth_abs_mean": {"train": 0.008364863693714142, "valid": 0.007965066470205784, "test": 0.01161353662610054}, "truth_std": {"train": 0.011579012498259544, "valid": 0.010130433365702629, "test": 0.015119959600269794}, "vol_inference_error": {"train": 0.05109130218625069, "valid": 0.030272746458649635, "test": 0.12420932948589325}}