{"log_price_RMSE": {"train": 0.2639331817626953, "valid": 0.3119068145751953, "test": 0.3133401870727539}, "log_return_RMSE": {"train": 0.011671910993754864, "valid": 0.010256793349981308, "test": 0.015322624705731869}, "log_return_res_abs_mean": {"train": 0.0084676593542099, "valid": 0.008107556961476803, "test": 0.01200553122907877}, "log_return_res_std": {"train": 0.01165092084556818, "valid": 0.010112106800079346, "test": 0.015182718634605408}, "log_return_coverage": {"train": 0.9425598978996277, "valid": 0.7615669369697571, "test": 0.446027934551239}, "truth_abs_mean": {"train": 0.008364863693714142, "valid": 0.007965066470205784, "test": 0.01161353662610054}, "truth_std": {"train": 0.011579012498259544, "valid": 0.010130433365702629, "test": 0.015119959600269794}, "vol_inference_error": {"train": 0.04371892660856247, "valid": 0.0635397657752037, "test": 0.16982808709144592}}