{"log_price_RMSE": {"train": 0.15329189598560333, "valid": 0.10809820890426636, "test": 0.23327502608299255}, "log_return_RMSE": {"train": 0.011572888121008873, "valid": 0.010119876824319363, "test": 0.015148225240409374}, "log_return_res_abs_mean": {"train": 0.008366946130990982, "valid": 0.007966107688844204, "test": 0.011612772941589355}, "log_return_res_std": {"train": 0.011580219492316246, "valid": 0.010130885057151318, "test": 0.015124890953302383}, "log_return_coverage": {"train": 0.9355871677398682, "valid": 0.9651972651481628, "test": 0.8648648858070374}, "truth_abs_mean": {"train": 0.008364863693714142, "valid": 0.007965066470205784, "test": 0.01161353662610054}, "truth_std": {"train": 0.011579012498259544, "valid": 0.010130433365702629, "test": 0.015119959600269794}, "vol_inference_error": {"train": 0.06136537343263626, "valid": 0.021626319736242294, "test": 0.06496211886405945}}