{"log_price_RMSE": {"train": 0.2376294583082199, "valid": 0.10459920763969421, "test": 0.05697815492749214}, "log_return_RMSE": {"train": 0.015611880458891392, "valid": 0.013466818258166313, "test": 0.013874362222850323}, "log_return_res_abs_mean": {"train": 0.0115436976775527, "valid": 0.010319060645997524, "test": 0.010279089212417603}, "log_return_res_std": {"train": 0.015621849335730076, "valid": 0.013490302488207817, "test": 0.013900600373744965}, "log_return_coverage": {"train": 0.8032895922660828, "valid": 0.8506509065628052, "test": 0.867884635925293}, "truth_abs_mean": {"train": 0.011515988036990166, "valid": 0.010290112346410751, "test": 0.010228808969259262}, "truth_std": {"train": 0.015605170279741287, "valid": 0.013477873988449574, "test": 0.01388789527118206}, "vol_inference_error": {"train": 0.11676332354545593, "valid": 0.07965470105409622, "test": 0.07419983297586441}}