{"log_price_RMSE": {"train": 0.3247738778591156, "valid": 0.06877618283033371, "test": 0.07449398189783096}, "log_return_RMSE": {"train": 0.015599241480231285, "valid": 0.013451949693262577, "test": 0.013863988220691681}, "log_return_res_abs_mean": {"train": 0.011516126804053783, "valid": 0.010290361009538174, "test": 0.010229106061160564}, "log_return_res_std": {"train": 0.015605241991579533, "valid": 0.013477889820933342, "test": 0.013887903653085232}, "log_return_coverage": {"train": 0.9178699851036072, "valid": 0.9972337484359741, "test": 1.0}, "truth_abs_mean": {"train": 0.011515988036990166, "valid": 0.010290112346410751, "test": 0.010228808969259262}, "truth_std": {"train": 0.015605170279741287, "valid": 0.013477873988449574, "test": 0.01388789527118206}, "vol_inference_error": {"train": 0.04111149534583092, "valid": 0.24444438517093658, "test": 0.41275912523269653}}