{"log_price_RMSE": {"train": 0.25427523255348206, "valid": 0.22730852663516998, "test": 0.08041590452194214}, "log_return_RMSE": {"train": 0.011806241236627102, "valid": 0.020050564780831337, "test": 0.013312142342329025}, "log_return_res_abs_mean": {"train": 0.008760271593928337, "valid": 0.015110689215362072, "test": 0.01007899735122919}, "log_return_res_std": {"train": 0.011806066147983074, "valid": 0.02005547471344471, "test": 0.01332199014723301}, "log_return_coverage": {"train": 0.9658538699150085, "valid": 0.8390236496925354, "test": 0.9576427936553955}, "truth_abs_mean": {"train": 0.008752033114433289, "valid": 0.015055260621011257, "test": 0.010057689622044563}, "truth_std": {"train": 0.0118031594902277, "valid": 0.020042475312948227, "test": 0.013312816619873047}, "vol_inference_error": {"train": 0.055091742426157, "valid": 0.11969801038503647, "test": 0.03734159469604492}}