{"log_price_RMSE": {"train": 0.13628022372722626, "valid": 0.19956137239933014, "test": 0.14405988156795502}, "log_return_RMSE": {"train": 0.011795456521213055, "valid": 0.020085204392671585, "test": 0.013565978966653347}, "log_return_res_abs_mean": {"train": 0.008989541791379452, "valid": 0.01512232143431902, "test": 0.01039530523121357}, "log_return_res_std": {"train": 0.011798566207289696, "valid": 0.020108142867684364, "test": 0.013528717681765556}, "log_return_coverage": {"train": 0.931714653968811, "valid": 0.8929290175437927, "test": 0.9954780340194702}, "truth_abs_mean": {"train": 0.008937831968069077, "valid": 0.015055260621011257, "test": 0.01034501288086176}, "truth_std": {"train": 0.011823049746453762, "valid": 0.020042475312948227, "test": 0.013524259440600872}, "vol_inference_error": {"train": 0.029423074796795845, "valid": 0.07104583084583282, "test": 0.13609479367733002}}