{"log_price_RMSE": {"train": 0.09090405702590942, "valid": 0.10738872736692429, "test": 0.24079275131225586}, "log_return_RMSE": {"train": 0.011567678302526474, "valid": 0.010116247460246086, "test": 0.01515267975628376}, "log_return_res_abs_mean": {"train": 0.00836319662630558, "valid": 0.007963865995407104, "test": 0.011615686118602753}, "log_return_res_std": {"train": 0.011573726311326027, "valid": 0.010127997025847435, "test": 0.015122774988412857}, "log_return_coverage": {"train": 0.949745237827301, "valid": 0.9879377484321594, "test": 0.9469745755195618}, "truth_abs_mean": {"train": 0.008364863693714142, "valid": 0.007965066470205784, "test": 0.01161353662610054}, "truth_std": {"train": 0.011579012498259544, "valid": 0.010130433365702629, "test": 0.015119959600269794}, "vol_inference_error": {"train": 0.06044713780283928, "valid": 0.05605737492442131, "test": 0.036469608545303345}}