{"log_price_RMSE": {"train": 0.25731784105300903, "valid": 0.08387058973312378, "test": 0.0666033998131752}, "log_return_RMSE": {"train": 0.01561767142266035, "valid": 0.013465872034430504, "test": 0.013873624615371227}, "log_return_res_abs_mean": {"train": 0.01155851036310196, "valid": 0.010305490344762802, "test": 0.010243438184261322}, "log_return_res_std": {"train": 0.015627654269337654, "valid": 0.013491551391780376, "test": 0.01389923132956028}, "log_return_coverage": {"train": 0.810249388217926, "valid": 0.8811538219451904, "test": 0.8789497017860413}, "truth_abs_mean": {"train": 0.011515988036990166, "valid": 0.010290112346410751, "test": 0.010228808969259262}, "truth_std": {"train": 0.015605170279741287, "valid": 0.013477873988449574, "test": 0.01388789527118206}, "vol_inference_error": {"train": 0.11365021020174026, "valid": 0.07388122379779816, "test": 0.06613032519817352}}