{"log_price_RMSE": {"train": 0.09845469892024994, "valid": 0.2411690354347229, "test": 0.18160486221313477}, "log_return_RMSE": {"train": 0.011763472110033035, "valid": 0.015107250772416592, "test": 0.020094292238354683}, "log_return_res_abs_mean": {"train": 0.00860436912626028, "valid": 0.011560163460671902, "test": 0.0151419872418046}, "log_return_res_std": {"train": 0.011769366450607777, "valid": 0.015084863640367985, "test": 0.020117921754717827}, "log_return_coverage": {"train": 0.949741005897522, "valid": 0.8858355283737183, "test": 0.8252658843994141}, "truth_abs_mean": {"train": 0.008586342446506023, "valid": 0.01155480369925499, "test": 0.015129736624658108}, "truth_std": {"train": 0.011750750243663788, "valid": 0.015072892419993877, "test": 0.02011014334857464}, "vol_inference_error": {"train": 0.060686998069286346, "valid": 0.056461986154317856, "test": 0.13403962552547455}}