{"log_price_RMSE": {"train": 0.22856391966342926, "valid": 0.06314489245414734, "test": 0.10934944450855255}, "log_return_RMSE": {"train": 0.015472988598048687, "valid": 0.013482336886227131, "test": 0.01404597144573927}, "log_return_res_abs_mean": {"train": 0.01154158916324377, "valid": 0.010355638340115547, "test": 0.010305269621312618}, "log_return_res_std": {"train": 0.015482456423342228, "valid": 0.013508126139640808, "test": 0.014046144671738148}, "log_return_coverage": {"train": 0.9210979342460632, "valid": 0.9967455863952637, "test": 1.0}, "truth_abs_mean": {"train": 0.011515988036990166, "valid": 0.010290112346410751, "test": 0.010228808969259262}, "truth_std": {"train": 0.015605170279741287, "valid": 0.013477873988449574, "test": 0.01388789527118206}, "vol_inference_error": {"train": 0.04059973731637001, "valid": 0.2341611236333847, "test": 0.39397692680358887}}