{"log_price_RMSE": {"train": 0.06819841265678406, "valid": 0.16518491506576538, "test": 0.6262068748474121}, "log_return_RMSE": {"train": 0.011731106787919998, "valid": 0.015178714878857136, "test": 0.020476901903748512}, "log_return_res_abs_mean": {"train": 0.0085844025015831, "valid": 0.011799207888543606, "test": 0.015667783096432686}, "log_return_res_std": {"train": 0.01173858717083931, "valid": 0.01513915229588747, "test": 0.020153935998678207}, "log_return_coverage": {"train": 0.9314820170402527, "valid": 0.8294211626052856, "test": 0.6934829354286194}, "truth_abs_mean": {"train": 0.008586342446506023, "valid": 0.01155480369925499, "test": 0.015129736624658108}, "truth_std": {"train": 0.011750750243663788, "valid": 0.015072892419993877, "test": 0.02011014334857464}, "vol_inference_error": {"train": 0.05841986835002899, "valid": 0.08755260705947876, "test": 0.17899194359779358}}