{"log_price_RMSE": {"train": 0.14028342068195343, "valid": 0.27594316005706787, "test": 0.13692890107631683}, "log_return_RMSE": {"train": 0.011816717684268951, "valid": 0.02007853053510189, "test": 0.01352053601294756}, "log_return_res_abs_mean": {"train": 0.008948861621320248, "valid": 0.015164908021688461, "test": 0.010393640957772732}, "log_return_res_std": {"train": 0.011821354739367962, "valid": 0.02006036601960659, "test": 0.013537099584937096}, "log_return_coverage": {"train": 0.8465515375137329, "valid": 0.6538461446762085, "test": 0.8199777603149414}, "truth_abs_mean": {"train": 0.008937831968069077, "valid": 0.015055260621011257, "test": 0.01034501288086176}, "truth_std": {"train": 0.011823049746453762, "valid": 0.020042475312948227, "test": 0.013524259440600872}, "vol_inference_error": {"train": 0.06526287645101547, "valid": 0.19203105568885803, "test": 0.09224887937307358}}