{"log_price_RMSE": {"train": 0.08393117785453796, "valid": 0.10783887654542923, "test": 0.24408316612243652}, "log_return_RMSE": {"train": 0.011566768400371075, "valid": 0.01011715643107891, "test": 0.01515368465334177}, "log_return_res_abs_mean": {"train": 0.008362299762666225, "valid": 0.007964277639985085, "test": 0.011615152470767498}, "log_return_res_std": {"train": 0.011573238298296928, "valid": 0.010128743015229702, "test": 0.015121890231966972}, "log_return_coverage": {"train": 0.951812207698822, "valid": 0.9910553097724915, "test": 0.9515660405158997}, "truth_abs_mean": {"train": 0.008364863693714142, "valid": 0.007965066470205784, "test": 0.01161353662610054}, "truth_std": {"train": 0.011579012498259544, "valid": 0.010130433365702629, "test": 0.015119959600269794}, "vol_inference_error": {"train": 0.06078715994954109, "valid": 0.061828095465898514, "test": 0.037051279097795486}}