{"log_price_RMSE": {"train": 0.1756802350282669, "valid": 0.25937843322753906, "test": 0.09783173352479935}, "log_return_RMSE": {"train": 0.011825961992144585, "valid": 0.020068123936653137, "test": 0.013513839803636074}, "log_return_res_abs_mean": {"train": 0.008958019316196442, "valid": 0.015137553215026855, "test": 0.010368835180997849}, "log_return_res_std": {"train": 0.011827741749584675, "valid": 0.020060626789927483, "test": 0.013538315892219543}, "log_return_coverage": {"train": 0.8400617837905884, "valid": 0.6307692527770996, "test": 0.771407961845398}, "truth_abs_mean": {"train": 0.008937831968069077, "valid": 0.015055260621011257, "test": 0.01034501288086176}, "truth_std": {"train": 0.011823049746453762, "valid": 0.020042475312948227, "test": 0.013524259440600872}, "vol_inference_error": {"train": 0.06969231367111206, "valid": 0.20166067779064178, "test": 0.10378503054380417}}