{"log_price_RMSE": {"train": 0.21339993178844452, "valid": 0.21931298077106476, "test": 0.0857277438044548}, "log_return_RMSE": {"train": 0.011833938769996166, "valid": 0.020045407116413116, "test": 0.013507787138223648}, "log_return_res_abs_mean": {"train": 0.008956818841397762, "valid": 0.015100874938070774, "test": 0.0103596281260252}, "log_return_res_std": {"train": 0.01183030940592289, "valid": 0.02005370333790779, "test": 0.013533287681639194}, "log_return_coverage": {"train": 0.8530462384223938, "valid": 0.6757544279098511, "test": 0.8383210301399231}, "truth_abs_mean": {"train": 0.008937831968069077, "valid": 0.015055260621011257, "test": 0.01034501288086176}, "truth_std": {"train": 0.011823049746453762, "valid": 0.020042475312948227, "test": 0.013524259440600872}, "vol_inference_error": {"train": 0.06254172325134277, "valid": 0.18559038639068604, "test": 0.08429696410894394}}