{"log_price_RMSE": {"train": 0.23160885274410248, "valid": 0.16147015988826752, "test": 0.48611128330230713}, "log_return_RMSE": {"train": 0.011832384392619133, "valid": 0.02008296363055706, "test": 0.013408304192125797}, "log_return_res_abs_mean": {"train": 0.008786605671048164, "valid": 0.015053490176796913, "test": 0.010162384249269962}, "log_return_res_std": {"train": 0.011830175295472145, "valid": 0.020079495385289192, "test": 0.013388300314545631}, "log_return_coverage": {"train": 0.9569078087806702, "valid": 0.8786982297897339, "test": 0.9642505645751953}, "truth_abs_mean": {"train": 0.008752033114433289, "valid": 0.015055260621011257, "test": 0.010057689622044563}, "truth_std": {"train": 0.0118031594902277, "valid": 0.020042475312948227, "test": 0.013312816619873047}, "vol_inference_error": {"train": 0.046236567199230194, "valid": 0.09010288119316101, "test": 0.041245948523283005}}