{"log_price_RMSE": {"train": 0.14688535034656525, "valid": 0.4278760254383087, "test": 1.0897576808929443}, "log_return_RMSE": {"train": 0.011756462045013905, "valid": 0.020820504054427147, "test": 0.016038034111261368}, "log_return_res_abs_mean": {"train": 0.008909834548830986, "valid": 0.015534520149230957, "test": 0.01256499718874693}, "log_return_res_std": {"train": 0.011762934736907482, "valid": 0.020850658416748047, "test": 0.013790857046842575}, "log_return_coverage": {"train": 0.9269298315048218, "valid": 0.9234763383865356, "test": 0.9759930372238159}, "truth_abs_mean": {"train": 0.008937831968069077, "valid": 0.015055260621011257, "test": 0.01034501288086176}, "truth_std": {"train": 0.011823049746453762, "valid": 0.020042475312948227, "test": 0.013524259440600872}, "vol_inference_error": {"train": 0.02801346406340599, "valid": 0.06958827376365662, "test": 0.08741120994091034}}