{"log_price_RMSE": {"train": 0.18012939393520355, "valid": 0.17477796971797943, "test": 0.06827875226736069}, "log_return_RMSE": {"train": 0.011807535775005817, "valid": 0.020021770149469376, "test": 0.013305457308888435}, "log_return_res_abs_mean": {"train": 0.00875647459179163, "valid": 0.015061662532389164, "test": 0.010064151138067245}, "log_return_res_std": {"train": 0.011808229610323906, "valid": 0.020045248791575432, "test": 0.013316063210368156}, "log_return_coverage": {"train": 0.9612864255905151, "valid": 0.8269230723381042, "test": 0.9496936798095703}, "truth_abs_mean": {"train": 0.008752033114433289, "valid": 0.015055260621011257, "test": 0.010057689622044563}, "truth_std": {"train": 0.0118031594902277, "valid": 0.020042475312948227, "test": 0.013312816619873047}, "vol_inference_error": {"train": 0.05348848178982735, "valid": 0.13008829951286316, "test": 0.03892263397574425}}