{"log_price_RMSE": {"train": 0.3350730538368225, "valid": 0.3853919506072998, "test": 0.19931040704250336}, "log_return_RMSE": {"train": 0.011732954531908035, "valid": 0.010268064215779305, "test": 0.015204298309981823}, "log_return_res_abs_mean": {"train": 0.008542701601982117, "valid": 0.00817028433084488, "test": 0.011854044161736965}, "log_return_res_std": {"train": 0.01169625110924244, "valid": 0.010099687613546848, "test": 0.015145826153457165}, "log_return_coverage": {"train": 0.942880392074585, "valid": 0.8396218419075012, "test": 0.6257211565971375}, "truth_abs_mean": {"train": 0.008364863693714142, "valid": 0.007965066470205784, "test": 0.01161353662610054}, "truth_std": {"train": 0.011579012498259544, "valid": 0.010130433365702629, "test": 0.015119959600269794}, "vol_inference_error": {"train": 0.04730979725718498, "valid": 0.04401000961661339, "test": 0.13541005551815033}}