{"log_price_RMSE": {"train": 0.21330484747886658, "valid": 0.32696032524108887, "test": 0.3093467652797699}, "log_return_RMSE": {"train": 0.01564553752541542, "valid": 0.013578039593994617, "test": 0.014030936174094677}, "log_return_res_abs_mean": {"train": 0.011612956412136555, "valid": 0.010507063008844852, "test": 0.010638557374477386}, "log_return_res_std": {"train": 0.015646642073988914, "valid": 0.013477925211191177, "test": 0.01389225572347641}, "log_return_coverage": {"train": 0.9248722195625305, "valid": 0.9986390471458435, "test": 1.0}, "truth_abs_mean": {"train": 0.011515988036990166, "valid": 0.010290112346410751, "test": 0.010228808969259262}, "truth_std": {"train": 0.015605170279741287, "valid": 0.013477873988449574, "test": 0.01388789527118206}, "vol_inference_error": {"train": 0.04735592007637024, "valid": 0.29179510474205017, "test": 0.5130622982978821}}