{"log_price_RMSE": {"train": 0.08545926958322525, "valid": 0.0992511734366417, "test": 0.19203171133995056}, "log_return_RMSE": {"train": 0.0115505987778306, "valid": 0.010075794532895088, "test": 0.015131783671677113}, "log_return_res_abs_mean": {"train": 0.008361699059605598, "valid": 0.007944841869175434, "test": 0.011613923124969006}, "log_return_res_std": {"train": 0.011557365767657757, "valid": 0.010094993747770786, "test": 0.015119599178433418}, "log_return_coverage": {"train": 0.9489783048629761, "valid": 0.9850970506668091, "test": 0.9382388591766357}, "truth_abs_mean": {"train": 0.008364863693714142, "valid": 0.007965066470205784, "test": 0.01161353662610054}, "truth_std": {"train": 0.011579012498259544, "valid": 0.010130433365702629, "test": 0.015119959600269794}, "vol_inference_error": {"train": 0.05998772382736206, "valid": 0.04933580756187439, "test": 0.03865216299891472}}