{"log_price_RMSE": {"train": 0.3855001628398895, "valid": 0.1916593462228775, "test": 0.26243171095848083}, "log_return_RMSE": {"train": 0.011507413350045681, "valid": 0.010090879164636135, "test": 0.015337026678025723}, "log_return_res_abs_mean": {"train": 0.008367693051695824, "valid": 0.008004654198884964, "test": 0.011927067302167416}, "log_return_res_std": {"train": 0.01148147415369749, "valid": 0.010044654831290245, "test": 0.015217579901218414}, "log_return_coverage": {"train": 0.9377473592758179, "valid": 0.9193811416625977, "test": 0.8294003009796143}, "truth_abs_mean": {"train": 0.008364863693714142, "valid": 0.007965066470205784, "test": 0.01161353662610054}, "truth_std": {"train": 0.011579012498259544, "valid": 0.010130433365702629, "test": 0.015119959600269794}, "vol_inference_error": {"train": 0.04640182480216026, "valid": 0.014395680278539658, "test": 0.06688323616981506}}