{"log_price_RMSE": {"train": 0.2166397124528885, "valid": 0.2443154752254486, "test": 0.1724867969751358}, "log_return_RMSE": {"train": 0.01174539141356945, "valid": 0.015103300102055073, "test": 0.020087754353880882}, "log_return_res_abs_mean": {"train": 0.008587413467466831, "valid": 0.011555737815797329, "test": 0.015137388370931149}, "log_return_res_std": {"train": 0.011752045713365078, "valid": 0.015076587907969952, "test": 0.02011364884674549}, "log_return_coverage": {"train": 0.9490528106689453, "valid": 0.8817104697227478, "test": 0.8193618059158325}, "truth_abs_mean": {"train": 0.008586342446506023, "valid": 0.01155480369925499, "test": 0.015129736624658108}, "truth_std": {"train": 0.011750750243663788, "valid": 0.015072892419993877, "test": 0.02011014334857464}, "vol_inference_error": {"train": 0.06050146371126175, "valid": 0.05782026797533035, "test": 0.13656669855117798}}