{"log_price_RMSE": {"train": 0.10945183038711548, "valid": 0.0748366191983223, "test": 0.48291656374931335}, "log_return_RMSE": {"train": 0.011733527295291424, "valid": 0.015081802383065224, "test": 0.020310629159212112}, "log_return_res_abs_mean": {"train": 0.008590455166995525, "valid": 0.011668164283037186, "test": 0.015507127158343792}, "log_return_res_std": {"train": 0.01173829473555088, "valid": 0.015098058618605137, "test": 0.020124012604355812}, "log_return_coverage": {"train": 0.9195826649665833, "valid": 0.8310946822166443, "test": 0.6716994047164917}, "truth_abs_mean": {"train": 0.008586342446506023, "valid": 0.01155480369925499, "test": 0.015129736624658108}, "truth_std": {"train": 0.011750750243663788, "valid": 0.015072892419993877, "test": 0.02011014334857464}, "vol_inference_error": {"train": 0.04951021075248718, "valid": 0.08979135006666183, "test": 0.1886821985244751}}