{"log_price_RMSE": {"train": 0.1779693216085434, "valid": 0.19922679662704468, "test": 0.08100384473800659}, "log_return_RMSE": {"train": 0.011822840198874474, "valid": 0.020037751644849777, "test": 0.013508455827832222}, "log_return_res_abs_mean": {"train": 0.008938874118030071, "valid": 0.01508747972548008, "test": 0.010358576662838459}, "log_return_res_std": {"train": 0.011821950785815716, "valid": 0.020053023472428322, "test": 0.013534287922084332}, "log_return_coverage": {"train": 0.8466052412986755, "valid": 0.6533875465393066, "test": 0.8130521178245544}, "truth_abs_mean": {"train": 0.008937831968069077, "valid": 0.015055260621011257, "test": 0.01034501288086176}, "truth_std": {"train": 0.011823049746453762, "valid": 0.020042475312948227, "test": 0.013524259440600872}, "vol_inference_error": {"train": 0.06673763692378998, "valid": 0.195511594414711, "test": 0.0967511311173439}}