{"log_price_RMSE": {"train": 0.13807132840156555, "valid": 1.1370075941085815, "test": 0.6241682767868042}, "log_return_RMSE": {"train": 0.015159951522946358, "valid": 0.016019757837057114, "test": 0.014678388833999634}, "log_return_res_abs_mean": {"train": 0.011312554590404034, "valid": 0.012598127126693726, "test": 0.010944048874080181}, "log_return_res_std": {"train": 0.015167107805609703, "valid": 0.013722156174480915, "test": 0.014228635467588902}, "log_return_coverage": {"train": 0.9209152460098267, "valid": 0.9943047165870667, "test": 0.999940812587738}, "truth_abs_mean": {"train": 0.011515988036990166, "valid": 0.010290112346410751, "test": 0.010228808969259262}, "truth_std": {"train": 0.015605170279741287, "valid": 0.013477873988449574, "test": 0.01388789527118206}, "vol_inference_error": {"train": 0.037779491394758224, "valid": 0.19582313299179077, "test": 0.33063551783561707}}