{"log_price_RMSE": {"train": 0.16684789955615997, "valid": 0.3059017062187195, "test": 0.2996646761894226}, "log_return_RMSE": {"train": 0.011805005371570587, "valid": 0.020094258710741997, "test": 0.013340241275727749}, "log_return_res_abs_mean": {"train": 0.008775071240961552, "valid": 0.015202176757156849, "test": 0.010157485492527485}, "log_return_res_std": {"train": 0.011808805167675018, "valid": 0.020056650042533875, "test": 0.013322927057743073}, "log_return_coverage": {"train": 0.96544349193573, "valid": 0.8384615182876587, "test": 0.9565499424934387}, "truth_abs_mean": {"train": 0.008752033114433289, "valid": 0.015055260621011257, "test": 0.010057689622044563}, "truth_std": {"train": 0.0118031594902277, "valid": 0.020042475312948227, "test": 0.013312816619873047}, "vol_inference_error": {"train": 0.05492108315229416, "valid": 0.11995769292116165, "test": 0.03744412958621979}}