{"log_price_RMSE": {"train": 0.0874844640493393, "valid": 0.6245313286781311, "test": 0.5375848412513733}, "log_return_RMSE": {"train": 0.011508175171911716, "valid": 0.016806339845061302, "test": 0.021127281710505486}, "log_return_res_abs_mean": {"train": 0.008448285982012749, "valid": 0.012835726141929626, "test": 0.016386106610298157}, "log_return_res_std": {"train": 0.011515459045767784, "valid": 0.01582978665828705, "test": 0.020924342796206474}, "log_return_coverage": {"train": 0.9266304969787598, "valid": 0.7526019811630249, "test": 0.6837780475616455}, "truth_abs_mean": {"train": 0.008586342446506023, "valid": 0.01155480369925499, "test": 0.015129736624658108}, "truth_std": {"train": 0.011750750243663788, "valid": 0.015072892419993877, "test": 0.02011014334857464}, "vol_inference_error": {"train": 0.05767889320850372, "valid": 0.0884733721613884, "test": 0.1762981116771698}}