{"log_price_RMSE": {"train": 0.21641552448272705, "valid": 0.2442217916250229, "test": 0.17264913022518158}, "log_return_RMSE": {"train": 0.011745412833988667, "valid": 0.015103290788829327, "test": 0.02008785679936409}, "log_return_res_abs_mean": {"train": 0.008587438613176346, "valid": 0.011555756442248821, "test": 0.01513750571757555}, "log_return_res_std": {"train": 0.011752075515687466, "valid": 0.015076656825840473, "test": 0.020113704726099968}, "log_return_coverage": {"train": 0.9490512013435364, "valid": 0.8817251920700073, "test": 0.8193467855453491}, "truth_abs_mean": {"train": 0.008586342446506023, "valid": 0.01155480369925499, "test": 0.015129736624658108}, "truth_std": {"train": 0.011750750243663788, "valid": 0.015072892419993877, "test": 0.02011014334857464}, "vol_inference_error": {"train": 0.060501471161842346, "valid": 0.05782025307416916, "test": 0.13656668365001678}}