{"log_price_RMSE": {"train": 0.2134002149105072, "valid": 0.21931271255016327, "test": 0.08572749048471451}, "log_return_RMSE": {"train": 0.011833938769996166, "valid": 0.020045405253767967, "test": 0.013507787138223648}, "log_return_res_abs_mean": {"train": 0.008956818841397762, "valid": 0.0151008740067482, "test": 0.0103596281260252}, "log_return_res_std": {"train": 0.01183030940592289, "valid": 0.02005370333790779, "test": 0.01353328675031662}, "log_return_coverage": {"train": 0.8530462384223938, "valid": 0.6757544279098511, "test": 0.8383210301399231}, "truth_abs_mean": {"train": 0.008937831968069077, "valid": 0.015055260621011257, "test": 0.01034501288086176}, "truth_std": {"train": 0.011823049746453762, "valid": 0.020042475312948227, "test": 0.013524259440600872}, "vol_inference_error": {"train": 0.06254172325134277, "valid": 0.18559040129184723, "test": 0.08429700136184692}}