{"log_price_RMSE": {"train": 0.20121604204177856, "valid": 0.1684231162071228, "test": 0.2639560103416443}, "log_return_RMSE": {"train": 0.01174661424010992, "valid": 0.01508209016174078, "test": 0.020137058570981026}, "log_return_res_abs_mean": {"train": 0.008589072152972221, "valid": 0.01157918106764555, "test": 0.015226229093968868}, "log_return_res_std": {"train": 0.011753551661968231, "valid": 0.015094921924173832, "test": 0.020126940682530403}, "log_return_coverage": {"train": 0.9462235569953918, "valid": 0.8659003973007202, "test": 0.7487530708312988}, "truth_abs_mean": {"train": 0.008586342446506023, "valid": 0.01155480369925499, "test": 0.015129736624658108}, "truth_std": {"train": 0.011750750243663788, "valid": 0.015072892419993877, "test": 0.02011014334857464}, "vol_inference_error": {"train": 0.05917105823755264, "valid": 0.0682002604007721, "test": 0.1522367149591446}}