{"log_price_RMSE": {"train": 0.1400776356458664, "valid": 0.371627539396286, "test": 0.34718647599220276}, "log_return_RMSE": {"train": 0.011801561340689659, "valid": 0.020144665613770485, "test": 0.013644891791045666}, "log_return_res_abs_mean": {"train": 0.008959189988672733, "valid": 0.015310565941035748, "test": 0.010585038922727108}, "log_return_res_std": {"train": 0.011808430776000023, "valid": 0.020048676058650017, "test": 0.013522797264158726}, "log_return_coverage": {"train": 0.9312623739242554, "valid": 0.9004437923431396, "test": 0.9961240291595459}, "truth_abs_mean": {"train": 0.008937831968069077, "valid": 0.015055260621011257, "test": 0.01034501288086176}, "truth_std": {"train": 0.011823049746453762, "valid": 0.020042475312948227, "test": 0.013524259440600872}, "vol_inference_error": {"train": 0.029266221448779106, "valid": 0.06766517460346222, "test": 0.145781010389328}}