{"log_price_RMSE": {"train": 0.09418529272079468, "valid": 0.10423630475997925, "test": 0.09971199929714203}, "log_return_RMSE": {"train": 0.011574460193514824, "valid": 0.010100306943058968, "test": 0.015113779343664646}, "log_return_res_abs_mean": {"train": 0.00836783554404974, "valid": 0.007960949093103409, "test": 0.011652212589979172}, "log_return_res_std": {"train": 0.011581866070628166, "valid": 0.010118898004293442, "test": 0.015140879899263382}, "log_return_coverage": {"train": 0.941387414932251, "valid": 0.8790717124938965, "test": 0.6609174013137817}, "truth_abs_mean": {"train": 0.008364863693714142, "valid": 0.007965066470205784, "test": 0.01161353662610054}, "truth_std": {"train": 0.011579012498259544, "valid": 0.010130433365702629, "test": 0.015119959600269794}, "vol_inference_error": {"train": 0.0425540916621685, "valid": 0.03494304046034813, "test": 0.12935008108615875}}