{"log_price_RMSE": {"train": 0.08364427089691162, "valid": 0.10818477720022202, "test": 0.24684643745422363}, "log_return_RMSE": {"train": 0.011566601693630219, "valid": 0.01011819951236248, "test": 0.015154534950852394}, "log_return_res_abs_mean": {"train": 0.008363082073628902, "valid": 0.007964730262756348, "test": 0.011614615097641945}, "log_return_res_std": {"train": 0.01157344225794077, "valid": 0.01012948527932167, "test": 0.015121177770197392}, "log_return_coverage": {"train": 0.951813817024231, "valid": 0.99086594581604, "test": 0.9509398937225342}, "truth_abs_mean": {"train": 0.008364863693714142, "valid": 0.007965066470205784, "test": 0.01161353662610054}, "truth_std": {"train": 0.011579012498259544, "valid": 0.010130433365702629, "test": 0.015119959600269794}, "vol_inference_error": {"train": 0.06082340329885483, "valid": 0.0614723265171051, "test": 0.03693370148539543}}