{"log_price_RMSE": {"train": 0.22113093733787537, "valid": 0.11657747626304626, "test": 1.4572399854660034}, "log_return_RMSE": {"train": 0.01171436533331871, "valid": 0.020024826750159264, "test": 0.013858030550181866}, "log_return_res_abs_mean": {"train": 0.008720645681023598, "valid": 0.01496086735278368, "test": 0.010511253960430622}, "log_return_res_std": {"train": 0.01171623170375824, "valid": 0.020060189068317413, "test": 0.013368873856961727}, "log_return_coverage": {"train": 0.9433495998382568, "valid": 0.8969378471374512, "test": 0.9643317461013794}, "truth_abs_mean": {"train": 0.008752033114433289, "valid": 0.015055260621011257, "test": 0.010057689622044563}, "truth_std": {"train": 0.0118031594902277, "valid": 0.020042475312948227, "test": 0.013312816619873047}, "vol_inference_error": {"train": 0.03609880432486534, "valid": 0.07238378375768661, "test": 0.042371347546577454}}