{"log_price_RMSE": {"train": 0.18166854977607727, "valid": 0.13917706906795502, "test": 0.1930662840604782}, "log_return_RMSE": {"train": 0.011577713303267956, "valid": 0.010129387490451336, "test": 0.01515202596783638}, "log_return_res_abs_mean": {"train": 0.008379850536584854, "valid": 0.00800257921218872, "test": 0.011659275740385056}, "log_return_res_std": {"train": 0.011580604128539562, "valid": 0.010143617168068886, "test": 0.015135674737393856}, "log_return_coverage": {"train": 0.9404716491699219, "valid": 0.852106511592865, "test": 0.6572949290275574}, "truth_abs_mean": {"train": 0.008364863693714142, "valid": 0.007965066470205784, "test": 0.01161353662610054}, "truth_std": {"train": 0.011579012498259544, "valid": 0.010130433365702629, "test": 0.015119959600269794}, "vol_inference_error": {"train": 0.04752768203616142, "valid": 0.04429725930094719, "test": 0.12780503928661346}}