{"log_price_RMSE": {"train": 0.316460520029068, "valid": 0.06187145784497261, "test": 0.0774211511015892}, "log_return_RMSE": {"train": 0.015600744634866714, "valid": 0.013457692228257656, "test": 0.01387251727283001}, "log_return_res_abs_mean": {"train": 0.011517615988850594, "valid": 0.010293654166162014, "test": 0.010233765468001366}, "log_return_res_std": {"train": 0.015607321634888649, "valid": 0.01348348893225193, "test": 0.013896145857870579}, "log_return_coverage": {"train": 0.7974095344543457, "valid": 0.8388018012046814, "test": 0.8475295901298523}, "truth_abs_mean": {"train": 0.011515988036990166, "valid": 0.010290112346410751, "test": 0.010228808969259262}, "truth_std": {"train": 0.015605170279741287, "valid": 0.013477873988449574, "test": 0.01388789527118206}, "vol_inference_error": {"train": 0.11807689070701599, "valid": 0.082630954682827, "test": 0.07851997017860413}}