{"log_price_RMSE": {"train": 0.14253242313861847, "valid": 0.2739383280277252, "test": 0.13104285299777985}, "log_return_RMSE": {"train": 0.011817337945103645, "valid": 0.020077627152204514, "test": 0.013519519940018654}, "log_return_res_abs_mean": {"train": 0.0089490981772542, "valid": 0.015161539427936077, "test": 0.010389890521764755}, "log_return_res_std": {"train": 0.011821783147752285, "valid": 0.020060954615473747, "test": 0.013537649996578693}, "log_return_coverage": {"train": 0.8445390462875366, "valid": 0.6538461446762085, "test": 0.8082597255706787}, "truth_abs_mean": {"train": 0.008937831968069077, "valid": 0.015055260621011257, "test": 0.01034501288086176}, "truth_std": {"train": 0.011823049746453762, "valid": 0.020042475312948227, "test": 0.013524259440600872}, "vol_inference_error": {"train": 0.06648600846529007, "valid": 0.19478511810302734, "test": 0.09559047222137451}}