{"log_price_RMSE": {"train": 0.1480587273836136, "valid": 0.10721220821142197, "test": 0.22040605545043945}, "log_return_RMSE": {"train": 0.011585008352994919, "valid": 0.010124295949935913, "test": 0.015145343728363514}, "log_return_res_abs_mean": {"train": 0.008393382653594017, "valid": 0.007968923076987267, "test": 0.011615983210504055}, "log_return_res_std": {"train": 0.01158862840384245, "valid": 0.01013210415840149, "test": 0.015129997394979}, "log_return_coverage": {"train": 0.936547040939331, "valid": 0.9656488299369812, "test": 0.8651033639907837}, "truth_abs_mean": {"train": 0.008364863693714142, "valid": 0.007965066470205784, "test": 0.01161353662610054}, "truth_std": {"train": 0.011579012498259544, "valid": 0.010130433365702629, "test": 0.015119959600269794}, "vol_inference_error": {"train": 0.06124340370297432, "valid": 0.023176712915301323, "test": 0.06292451173067093}}