{"log_price_RMSE": {"train": 0.1190662607550621, "valid": 0.39490196108818054, "test": 0.40123164653778076}, "log_return_RMSE": {"train": 0.011798202991485596, "valid": 0.020165778696537018, "test": 0.01370538491755724}, "log_return_res_abs_mean": {"train": 0.00895865261554718, "valid": 0.015345479361712933, "test": 0.010661064647138119}, "log_return_res_std": {"train": 0.011804921552538872, "valid": 0.020048264414072037, "test": 0.013519558124244213}, "log_return_coverage": {"train": 0.9306994676589966, "valid": 0.8991272449493408, "test": 0.9961240291595459}, "truth_abs_mean": {"train": 0.008937831968069077, "valid": 0.015055260621011257, "test": 0.01034501288086176}, "truth_std": {"train": 0.011823049746453762, "valid": 0.020042475312948227, "test": 0.013524259440600872}, "vol_inference_error": {"train": 0.029053468257188797, "valid": 0.06805896759033203, "test": 0.14543214440345764}}