{"log_price_RMSE": {"train": 0.2548825740814209, "valid": 0.2271573543548584, "test": 0.08075382560491562}, "log_return_RMSE": {"train": 0.011806166730821133, "valid": 0.02005046233534813, "test": 0.013312118127942085}, "log_return_res_abs_mean": {"train": 0.008760135620832443, "valid": 0.015110638923943043, "test": 0.010079140774905682}, "log_return_res_std": {"train": 0.011805977672338486, "valid": 0.020055407658219337, "test": 0.013321946375072002}, "log_return_coverage": {"train": 0.9659139513969421, "valid": 0.8395414352416992, "test": 0.957736611366272}, "truth_abs_mean": {"train": 0.008752033114433289, "valid": 0.015055260621011257, "test": 0.010057689622044563}, "truth_std": {"train": 0.0118031594902277, "valid": 0.020042475312948227, "test": 0.013312816619873047}, "vol_inference_error": {"train": 0.05511435493826866, "valid": 0.11955536156892776, "test": 0.03736376017332077}}