{"log_price_RMSE": {"train": 0.03818146511912346, "valid": 0.35840779542922974, "test": 0.3158718943595886}, "log_return_RMSE": {"train": 0.011632611975073814, "valid": 0.02008613385260105, "test": 0.014034869149327278}, "log_return_res_abs_mean": {"train": 0.008866360411047935, "valid": 0.015141083858907223, "test": 0.010750281624495983}, "log_return_res_std": {"train": 0.011639811098575592, "valid": 0.020043162629008293, "test": 0.013709988445043564}, "log_return_coverage": {"train": 0.920319676399231, "valid": 0.9265680313110352, "test": 0.9956583380699158}, "truth_abs_mean": {"train": 0.008937831968069077, "valid": 0.015055260621011257, "test": 0.01034501288086176}, "truth_std": {"train": 0.011823049746453762, "valid": 0.020042475312948227, "test": 0.013524259440600872}, "vol_inference_error": {"train": 0.02454337477684021, "valid": 0.059612974524497986, "test": 0.17671535909175873}}