{"log_price_RMSE": {"train": 0.14192263782024384, "valid": 0.3077235817909241, "test": 0.09256906807422638}, "log_return_RMSE": {"train": 0.011822192929685116, "valid": 0.020111052319407463, "test": 0.01352903712540865}, "log_return_res_abs_mean": {"train": 0.008953236043453217, "valid": 0.01518561877310276, "test": 0.010376847349107265}, "log_return_res_std": {"train": 0.011827366426587105, "valid": 0.020084133371710777, "test": 0.013554549776017666}, "log_return_coverage": {"train": 0.9306262135505676, "valid": 0.9031509160995483, "test": 0.9961240291595459}, "truth_abs_mean": {"train": 0.008937831968069077, "valid": 0.015055260621011257, "test": 0.01034501288086176}, "truth_std": {"train": 0.011823049746453762, "valid": 0.020042475312948227, "test": 0.013524259440600872}, "vol_inference_error": {"train": 0.02928675338625908, "valid": 0.06742283701896667, "test": 0.14661608636379242}}