{"log_price_RMSE": {"train": 0.2185969352722168, "valid": 0.2477397620677948, "test": 0.1649991273880005}, "log_return_RMSE": {"train": 0.01174525823444128, "valid": 0.015103263780474663, "test": 0.020082464441657066}, "log_return_res_abs_mean": {"train": 0.008586579002439976, "valid": 0.011554742231965065, "test": 0.015131467953324318}, "log_return_res_std": {"train": 0.011751687154173851, "valid": 0.015073345974087715, "test": 0.020110484212636948}, "log_return_coverage": {"train": 0.9395401477813721, "valid": 0.8411502838134766, "test": 0.7286821603775024}, "truth_abs_mean": {"train": 0.008586342446506023, "valid": 0.01155480369925499, "test": 0.015129736624658108}, "truth_std": {"train": 0.011750750243663788, "valid": 0.015072892419993877, "test": 0.02011014334857464}, "vol_inference_error": {"train": 0.05848056450486183, "valid": 0.07904504239559174, "test": 0.1674765944480896}}