{"log_price_RMSE": {"train": 0.1755538433790207, "valid": 0.2601529657840729, "test": 0.09812888503074646}, "log_return_RMSE": {"train": 0.011826052330434322, "valid": 0.020068593323230743, "test": 0.013513962738215923}, "log_return_res_abs_mean": {"train": 0.008958262391388416, "valid": 0.015138301067054272, "test": 0.010369053110480309}, "log_return_res_std": {"train": 0.011827871203422546, "valid": 0.020060762763023376, "test": 0.013538406230509281}, "log_return_coverage": {"train": 0.8405612111091614, "valid": 0.6307692527770996, "test": 0.7751938104629517}, "truth_abs_mean": {"train": 0.008937831968069077, "valid": 0.015055260621011257, "test": 0.01034501288086176}, "truth_std": {"train": 0.011823049746453762, "valid": 0.020042475312948227, "test": 0.013524259440600872}, "vol_inference_error": {"train": 0.06948302686214447, "valid": 0.20121125876903534, "test": 0.10323748737573624}}