{"log_price_RMSE": {"train": 0.14956341683864594, "valid": 0.10782873630523682, "test": 0.22714589536190033}, "log_return_RMSE": {"train": 0.011572068557143211, "valid": 0.010123384185135365, "test": 0.015148534439504147}, "log_return_res_abs_mean": {"train": 0.008366855792701244, "valid": 0.007967937737703323, "test": 0.011615120805799961}, "log_return_res_std": {"train": 0.011579381301999092, "valid": 0.010131911374628544, "test": 0.015130388550460339}, "log_return_coverage": {"train": 0.9308825135231018, "valid": 0.9504836797714233, "test": 0.84555983543396}, "truth_abs_mean": {"train": 0.008364863693714142, "valid": 0.007965066470205784, "test": 0.01161353662610054}, "truth_std": {"train": 0.011579012498259544, "valid": 0.010130433365702629, "test": 0.015119959600269794}, "vol_inference_error": {"train": 0.0623156800866127, "valid": 0.014431346207857132, "test": 0.07690143585205078}}