{"log_price_RMSE": {"train": 0.1926456093788147, "valid": 0.2362835556268692, "test": 0.17680659890174866}, "log_return_RMSE": {"train": 0.011747824028134346, "valid": 0.015098377130925655, "test": 0.02008836343884468}, "log_return_res_abs_mean": {"train": 0.008587627671658993, "valid": 0.011554709635674953, "test": 0.015141315758228302}, "log_return_res_std": {"train": 0.011754784733057022, "valid": 0.015076082199811935, "test": 0.02011268027126789}, "log_return_coverage": {"train": 0.9403389692306519, "valid": 0.8467286229133606, "test": 0.7286821603775024}, "truth_abs_mean": {"train": 0.008586342446506023, "valid": 0.01155480369925499, "test": 0.015129736624658108}, "truth_std": {"train": 0.011750750243663788, "valid": 0.015072892419993877, "test": 0.02011014334857464}, "vol_inference_error": {"train": 0.058495089411735535, "valid": 0.07828851789236069, "test": 0.16645050048828125}}