{"log_price_RMSE": {"train": 0.07474517822265625, "valid": 0.2815414369106293, "test": 0.5588868260383606}, "log_return_RMSE": {"train": 0.015382815152406693, "valid": 0.013894707895815372, "test": 0.01434115506708622}, "log_return_res_abs_mean": {"train": 0.011440139263868332, "valid": 0.01062562596052885, "test": 0.010558010078966618}, "log_return_res_std": {"train": 0.015391742810606956, "valid": 0.013640712946653366, "test": 0.013929223641753197}, "log_return_coverage": {"train": 0.9227420687675476, "valid": 0.9968786835670471, "test": 1.0}, "truth_abs_mean": {"train": 0.011515988036990166, "valid": 0.010290112346410751, "test": 0.010228808969259262}, "truth_std": {"train": 0.015605170279741287, "valid": 0.013477873988449574, "test": 0.01388789527118206}, "vol_inference_error": {"train": 0.04013708978891373, "valid": 0.2310776561498642, "test": 0.39742928743362427}}