{"log_price_RMSE": {"train": 0.045214537531137466, "valid": 0.11416549980640411, "test": 0.10656429827213287}, "log_return_RMSE": {"train": 0.012084035202860832, "valid": 0.015319768339395523, "test": 0.020371824502944946}, "log_return_res_abs_mean": {"train": 0.00881089735776186, "valid": 0.011951174587011337, "test": 0.015464718453586102}, "log_return_res_std": {"train": 0.012091471813619137, "valid": 0.01533767580986023, "test": 0.02040630765259266}, "log_return_coverage": {"train": 0.9218489527702332, "valid": 0.815504789352417, "test": 0.6802926659584045}, "truth_abs_mean": {"train": 0.008586342446506023, "valid": 0.01155480369925499, "test": 0.015129736624658108}, "truth_std": {"train": 0.011750750243663788, "valid": 0.015072892419993877, "test": 0.02011014334857464}, "vol_inference_error": {"train": 0.0587390698492527, "valid": 0.09125436097383499, "test": 0.18410168588161469}}