{"log_price_RMSE": {"train": 0.07151999324560165, "valid": 0.4944724440574646, "test": 0.5745680332183838}, "log_return_RMSE": {"train": 0.01179870218038559, "valid": 0.020275184884667397, "test": 0.013967462815344334}, "log_return_res_abs_mean": {"train": 0.008960076607763767, "valid": 0.015500186011195183, "test": 0.010992003604769707}, "log_return_res_std": {"train": 0.011805820278823376, "valid": 0.020053690299391747, "test": 0.01351748313754797}, "log_return_coverage": {"train": 0.9305155873298645, "valid": 0.8950591683387756, "test": 0.9960639476776123}, "truth_abs_mean": {"train": 0.008937831968069077, "valid": 0.015055260621011257, "test": 0.01034501288086176}, "truth_std": {"train": 0.011823049746453762, "valid": 0.020042475312948227, "test": 0.013524259440600872}, "vol_inference_error": {"train": 0.029016941785812378, "valid": 0.06939093768596649, "test": 0.13883914053440094}}