{"log_price_RMSE": {"train": 0.19653989374637604, "valid": 0.05911097675561905, "test": 0.23003897070884705}, "log_return_RMSE": {"train": 0.015575693920254707, "valid": 0.013485249131917953, "test": 0.013941817916929722}, "log_return_res_abs_mean": {"train": 0.011508632451295853, "valid": 0.010306752286851406, "test": 0.0102529376745224}, "log_return_res_std": {"train": 0.01558541040867567, "valid": 0.013492424041032791, "test": 0.013889295980334282}, "log_return_coverage": {"train": 0.928620457649231, "valid": 0.9986242651939392, "test": 1.0}, "truth_abs_mean": {"train": 0.011515988036990166, "valid": 0.010290112346410751, "test": 0.010228808969259262}, "truth_std": {"train": 0.015605170279741287, "valid": 0.013477873988449574, "test": 0.01388789527118206}, "vol_inference_error": {"train": 0.05413243547081947, "valid": 0.31213682889938354, "test": 0.6182646155357361}}