{"log_price_RMSE": {"train": 0.21247731149196625, "valid": 0.3158414661884308, "test": 0.2961645722389221}, "log_return_RMSE": {"train": 0.015642991289496422, "valid": 0.013568069785833359, "test": 0.014017199166119099}, "log_return_res_abs_mean": {"train": 0.011608684435486794, "valid": 0.010493529960513115, "test": 0.010617495514452457}, "log_return_res_std": {"train": 0.015645448118448257, "valid": 0.01347807701677084, "test": 0.013892191462218761}, "log_return_coverage": {"train": 0.9248754978179932, "valid": 0.9986242651939392, "test": 1.0}, "truth_abs_mean": {"train": 0.011515988036990166, "valid": 0.010290112346410751, "test": 0.010228808969259262}, "truth_std": {"train": 0.015605170279741287, "valid": 0.013477873988449574, "test": 0.01388789527118206}, "vol_inference_error": {"train": 0.04735670983791351, "valid": 0.29181361198425293, "test": 0.5130951404571533}}