{"log_price_RMSE": {"train": 0.30298054218292236, "valid": 0.17930178344249725, "test": 2.475064754486084}, "log_return_RMSE": {"train": 0.011586515232920647, "valid": 0.020082471892237663, "test": 0.014846055768430233}, "log_return_res_abs_mean": {"train": 0.008669139817357063, "valid": 0.015041312202811241, "test": 0.0115246856585145}, "log_return_res_std": {"train": 0.01158637460321188, "valid": 0.02007346786558628, "test": 0.013802895322442055}, "log_return_coverage": {"train": 0.9399420022964478, "valid": 0.8834319710731506, "test": 0.9665021896362305}, "truth_abs_mean": {"train": 0.008752033114433289, "valid": 0.015055260621011257, "test": 0.010057689622044563}, "truth_std": {"train": 0.0118031594902277, "valid": 0.020042475312948227, "test": 0.013312816619873047}, "vol_inference_error": {"train": 0.03457757085561752, "valid": 0.0787525624036789, "test": 0.05218873172998428}}