{"log_price_RMSE": {"train": 0.18248924612998962, "valid": 0.1799594610929489, "test": 0.43963372707366943}, "log_return_RMSE": {"train": 0.01176508516073227, "valid": 0.019970327615737915, "test": 0.013948669657111168}, "log_return_res_abs_mean": {"train": 0.008963631466031075, "valid": 0.015025733970105648, "test": 0.010698710568249226}, "log_return_res_std": {"train": 0.011761159636080265, "valid": 0.019965942949056625, "test": 0.013520876877009869}, "log_return_coverage": {"train": 0.93166583776474, "valid": 0.8983727693557739, "test": 0.9934499263763428}, "truth_abs_mean": {"train": 0.008937831968069077, "valid": 0.015055260621011257, "test": 0.01034501288086176}, "truth_std": {"train": 0.011823049746453762, "valid": 0.020042475312948227, "test": 0.013524259440600872}, "vol_inference_error": {"train": 0.02907077968120575, "valid": 0.07255814969539642, "test": 0.13196533918380737}}