{"log_price_RMSE": {"train": 0.16995087265968323, "valid": 0.22215822339057922, "test": 0.07049624621868134}, "log_return_RMSE": {"train": 0.011812013573944569, "valid": 0.02004764974117279, "test": 0.013312283903360367}, "log_return_res_abs_mean": {"train": 0.008775923401117325, "valid": 0.015103270299732685, "test": 0.010071818716824055}, "log_return_res_std": {"train": 0.011815650388598442, "valid": 0.020055070519447327, "test": 0.013322781771421432}, "log_return_coverage": {"train": 0.972955584526062, "valid": 0.8677070736885071, "test": 0.9739872813224792}, "truth_abs_mean": {"train": 0.008752033114433289, "valid": 0.015055260621011257, "test": 0.010057689622044563}, "truth_std": {"train": 0.0118031594902277, "valid": 0.020042475312948227, "test": 0.013312816619873047}, "vol_inference_error": {"train": 0.06065259128808975, "valid": 0.09408432245254517, "test": 0.05781727656722069}}