{"log_price_RMSE": {"train": 0.30781006813049316, "valid": 0.18918730318546295, "test": 0.9514279365539551}, "log_return_RMSE": {"train": 0.011735282838344574, "valid": 0.02002914994955063, "test": 0.01357569545507431}, "log_return_res_abs_mean": {"train": 0.00871641468256712, "valid": 0.015048295259475708, "test": 0.010265533812344074}, "log_return_res_std": {"train": 0.011732974089682102, "valid": 0.0200544111430645, "test": 0.013362957164645195}, "log_return_coverage": {"train": 0.9485617876052856, "valid": 0.8692307472229004, "test": 0.9539027810096741}, "truth_abs_mean": {"train": 0.008752033114433289, "valid": 0.015055260621011257, "test": 0.010057689622044563}, "truth_std": {"train": 0.0118031594902277, "valid": 0.020042475312948227, "test": 0.013312816619873047}, "vol_inference_error": {"train": 0.03696294128894806, "valid": 0.09474117308855057, "test": 0.034424133598804474}}