{"log_price_RMSE": {"train": 0.258047491312027, "valid": 0.08395799994468689, "test": 0.0665665715932846}, "log_return_RMSE": {"train": 0.01561751589179039, "valid": 0.013465761207044125, "test": 0.013873513787984848}, "log_return_res_abs_mean": {"train": 0.011558230966329575, "valid": 0.01030545774847269, "test": 0.010243425145745277}, "log_return_res_std": {"train": 0.01562749780714512, "valid": 0.01349143497645855, "test": 0.013899126090109348}, "log_return_coverage": {"train": 0.8102526664733887, "valid": 0.8811686635017395, "test": 0.8789941072463989}, "truth_abs_mean": {"train": 0.011515988036990166, "valid": 0.010290112346410751, "test": 0.010228808969259262}, "truth_std": {"train": 0.015605170279741287, "valid": 0.013477873988449574, "test": 0.01388789527118206}, "vol_inference_error": {"train": 0.11364466696977615, "valid": 0.0738714262843132, "test": 0.06611736118793488}}