{"log_price_RMSE": {"train": 0.27937012910842896, "valid": 0.24831923842430115, "test": 0.2117217481136322}, "log_return_RMSE": {"train": 0.01180597860366106, "valid": 0.020054269582033157, "test": 0.01331725437194109}, "log_return_res_abs_mean": {"train": 0.00878265593200922, "valid": 0.015141289681196213, "test": 0.01011636946350336}, "log_return_res_std": {"train": 0.011808655224740505, "valid": 0.020045556128025055, "test": 0.013315603137016296}, "log_return_coverage": {"train": 0.9604110717773438, "valid": 0.8215236663818359, "test": 0.9382733702659607}, "truth_abs_mean": {"train": 0.008752033114433289, "valid": 0.015055260621011257, "test": 0.010057689622044563}, "truth_std": {"train": 0.0118031594902277, "valid": 0.020042475312948227, "test": 0.013312816619873047}, "vol_inference_error": {"train": 0.052962008863687515, "valid": 0.1335328221321106, "test": 0.04117533564567566}}