{"log_price_RMSE": {"train": 0.0443032905459404, "valid": 0.6885625720024109, "test": 0.9144237041473389}, "log_return_RMSE": {"train": 0.011552134528756142, "valid": 0.02068042755126953, "test": 0.01597708836197853}, "log_return_res_abs_mean": {"train": 0.008818387985229492, "valid": 0.015683062374591827, "test": 0.01255922019481659}, "log_return_res_std": {"train": 0.011558976955711842, "valid": 0.020446933805942535, "test": 0.014047639444470406}, "log_return_coverage": {"train": 0.9214341044425964, "valid": 0.9093195199966431, "test": 0.9903851747512817}, "truth_abs_mean": {"train": 0.008937831968069077, "valid": 0.015055260621011257, "test": 0.01034501288086176}, "truth_std": {"train": 0.011823049746453762, "valid": 0.020042475312948227, "test": 0.013524259440600872}, "vol_inference_error": {"train": 0.024913789704442024, "valid": 0.06245272979140282, "test": 0.1600887030363083}}