{"log_price_RMSE": {"train": 0.07858322560787201, "valid": 0.1359558254480362, "test": 0.7343118786811829}, "log_return_RMSE": {"train": 0.01181510929018259, "valid": 0.020131252706050873, "test": 0.014319892041385174}, "log_return_res_abs_mean": {"train": 0.008981538005173206, "valid": 0.015357105992734432, "test": 0.011384802870452404}, "log_return_res_std": {"train": 0.011819715611636639, "valid": 0.020168840885162354, "test": 0.013481875881552696}, "log_return_coverage": {"train": 0.9308458566665649, "valid": 0.8931952714920044, "test": 0.9948170185089111}, "truth_abs_mean": {"train": 0.008937831968069077, "valid": 0.015055260621011257, "test": 0.01034501288086176}, "truth_std": {"train": 0.011823049746453762, "valid": 0.020042475312948227, "test": 0.013524259440600872}, "vol_inference_error": {"train": 0.02904585190117359, "valid": 0.07242533564567566, "test": 0.12175507843494415}}