{"log_price_RMSE": {"train": 0.16684658825397491, "valid": 0.3059130609035492, "test": 0.29967376589775085}, "log_return_RMSE": {"train": 0.011805006302893162, "valid": 0.020094266161322594, "test": 0.013340244069695473}, "log_return_res_abs_mean": {"train": 0.008775072172284126, "valid": 0.015202186070382595, "test": 0.010157491080462933}, "log_return_res_std": {"train": 0.011808806098997593, "valid": 0.020056651905179024, "test": 0.013322928920388222}, "log_return_coverage": {"train": 0.9654277563095093, "valid": 0.8384615182876587, "test": 0.9565246105194092}, "truth_abs_mean": {"train": 0.008752033114433289, "valid": 0.015055260621011257, "test": 0.010057689622044563}, "truth_std": {"train": 0.0118031594902277, "valid": 0.020042475312948227, "test": 0.013312816619873047}, "vol_inference_error": {"train": 0.054915133863687515, "valid": 0.11999612301588058, "test": 0.03743864595890045}}