{"log_price_RMSE": {"train": 0.19473125040531158, "valid": 0.18421147763729095, "test": 1.0231926441192627}, "log_return_RMSE": {"train": 0.01177835650742054, "valid": 0.020028632134199142, "test": 0.013676906004548073}, "log_return_res_abs_mean": {"train": 0.008779575116932392, "valid": 0.015040782280266285, "test": 0.010338989086449146}, "log_return_res_std": {"train": 0.01178211160004139, "valid": 0.02005576528608799, "test": 0.013350474648177624}, "log_return_coverage": {"train": 0.9488773345947266, "valid": 0.8738609552383423, "test": 0.9675772786140442}, "truth_abs_mean": {"train": 0.008752033114433289, "valid": 0.015055260621011257, "test": 0.010057689622044563}, "truth_std": {"train": 0.0118031594902277, "valid": 0.020042475312948227, "test": 0.013312816619873047}, "vol_inference_error": {"train": 0.039417658001184464, "valid": 0.08229174464941025, "test": 0.046868328005075455}}