{"log_price_RMSE": {"train": 0.16076529026031494, "valid": 0.0771343782544136, "test": 0.5063831806182861}, "log_return_RMSE": {"train": 0.011748608201742172, "valid": 0.015095927752554417, "test": 0.020336907356977463}, "log_return_res_abs_mean": {"train": 0.008594906888902187, "valid": 0.01167647447437048, "test": 0.015530488453805447}, "log_return_res_std": {"train": 0.01175467949360609, "valid": 0.015111422166228294, "test": 0.02013363502919674}, "log_return_coverage": {"train": 0.9369322061538696, "valid": 0.8557419776916504, "test": 0.7074995636940002}, "truth_abs_mean": {"train": 0.008586342446506023, "valid": 0.01155480369925499, "test": 0.015129736624658108}, "truth_std": {"train": 0.011750750243663788, "valid": 0.015072892419993877, "test": 0.02011014334857464}, "vol_inference_error": {"train": 0.058299798518419266, "valid": 0.08129337430000305, "test": 0.17401893436908722}}