{"log_price_RMSE": {"train": 0.2221648097038269, "valid": 0.21513469517230988, "test": 0.2069985270500183}, "log_return_RMSE": {"train": 0.011744659394025803, "valid": 0.015091365203261375, "test": 0.020106161013245583}, "log_return_res_abs_mean": {"train": 0.008586660027503967, "valid": 0.011558945290744305, "test": 0.01516945194453001}, "log_return_res_std": {"train": 0.011750906705856323, "valid": 0.015082414261996746, "test": 0.02012026123702526}, "log_return_coverage": {"train": 0.9462024569511414, "valid": 0.8659003973007202, "test": 0.7607265114784241}, "truth_abs_mean": {"train": 0.008586342446506023, "valid": 0.01155480369925499, "test": 0.015129736624658108}, "truth_std": {"train": 0.011750750243663788, "valid": 0.015072892419993877, "test": 0.02011014334857464}, "vol_inference_error": {"train": 0.059253301471471786, "valid": 0.06787700206041336, "test": 0.1520964801311493}}