{"log_price_RMSE": {"train": 0.12492295354604721, "valid": 0.7850783467292786, "test": 1.1953017711639404}, "log_return_RMSE": {"train": 0.015239878557622433, "valid": 0.015140811912715435, "test": 0.01647000201046467}, "log_return_res_abs_mean": {"train": 0.011414926499128342, "valid": 0.011655927635729313, "test": 0.012564210221171379}, "log_return_res_std": {"train": 0.015249392949044704, "valid": 0.014253443107008934, "test": 0.014646882191300392}, "log_return_coverage": {"train": 0.9222413301467896, "valid": 0.9961538314819336, "test": 1.0}, "truth_abs_mean": {"train": 0.011515988036990166, "valid": 0.010290112346410751, "test": 0.010228808969259262}, "truth_std": {"train": 0.015605170279741287, "valid": 0.013477873988449574, "test": 0.01388789527118206}, "vol_inference_error": {"train": 0.04006054997444153, "valid": 0.2183009684085846, "test": 0.3840539753437042}}