{"log_price_RMSE": {"train": 0.07954949140548706, "valid": 0.1486635059118271, "test": 0.03861092031002045}, "log_return_RMSE": {"train": 0.011995955370366573, "valid": 0.020080916583538055, "test": 0.013569284230470657}, "log_return_res_abs_mean": {"train": 0.009054645895957947, "valid": 0.015102816745638847, "test": 0.01042172685265541}, "log_return_res_std": {"train": 0.012003389187157154, "valid": 0.02011561021208763, "test": 0.013592921197414398}, "log_return_coverage": {"train": 0.9289423823356628, "valid": 0.9004290103912354, "test": 0.9960489273071289}, "truth_abs_mean": {"train": 0.008937831968069077, "valid": 0.015055260621011257, "test": 0.01034501288086176}, "truth_std": {"train": 0.011823049746453762, "valid": 0.020042475312948227, "test": 0.013524259440600872}, "vol_inference_error": {"train": 0.029180681332945824, "valid": 0.0728263184428215, "test": 0.12911827862262726}}