{"log_price_RMSE": {"train": 0.1413407325744629, "valid": 0.2226007729768753, "test": 0.19955697655677795}, "log_return_RMSE": {"train": 0.011753350496292114, "valid": 0.015098386444151402, "test": 0.02010192722082138}, "log_return_res_abs_mean": {"train": 0.00859540794044733, "valid": 0.011561901308596134, "test": 0.015159248374402523}, "log_return_res_std": {"train": 0.011760685592889786, "valid": 0.015086466446518898, "test": 0.020119233056902885}, "log_return_coverage": {"train": 0.9438499212265015, "valid": 0.8620689511299133, "test": 0.7364941835403442}, "truth_abs_mean": {"train": 0.008586342446506023, "valid": 0.01155480369925499, "test": 0.015129736624658108}, "truth_std": {"train": 0.011750750243663788, "valid": 0.015072892419993877, "test": 0.02011014334857464}, "vol_inference_error": {"train": 0.05864820256829262, "valid": 0.07462649047374725, "test": 0.16088730096817017}}