{"log_price_RMSE": {"train": 0.17682693898677826, "valid": 0.18417003750801086, "test": 0.27228018641471863}, "log_return_RMSE": {"train": 0.01174535695463419, "valid": 0.015075036324560642, "test": 0.020139086991548538}, "log_return_res_abs_mean": {"train": 0.008586514741182327, "valid": 0.011563797481358051, "test": 0.015254536643624306}, "log_return_res_std": {"train": 0.011752460151910782, "valid": 0.015081221237778664, "test": 0.0201168991625309}, "log_return_coverage": {"train": 0.9429843425750732, "valid": 0.9587058424949646, "test": 0.9733940362930298}, "truth_abs_mean": {"train": 0.008586342446506023, "valid": 0.01155480369925499, "test": 0.015129736624658108}, "truth_std": {"train": 0.011750750243663788, "valid": 0.015072892419993877, "test": 0.02011014334857464}, "vol_inference_error": {"train": 0.05133436620235443, "valid": 0.1394370049238205, "test": 0.10580451041460037}}