{"log_price_RMSE": {"train": 0.1953812539577484, "valid": 0.2508179247379303, "test": 0.2805067300796509}, "log_return_RMSE": {"train": 0.011798802763223648, "valid": 0.020056026056408882, "test": 0.013327039778232574}, "log_return_res_abs_mean": {"train": 0.008761347271502018, "valid": 0.015150265768170357, "test": 0.010142946615815163}, "log_return_res_std": {"train": 0.011801742017269135, "valid": 0.020044388249516487, "test": 0.013313846662640572}, "log_return_coverage": {"train": 0.9639842510223389, "valid": 0.8384615182876587, "test": 0.9557309746742249}, "truth_abs_mean": {"train": 0.008752033114433289, "valid": 0.015055260621011257, "test": 0.010057689622044563}, "truth_std": {"train": 0.0118031594902277, "valid": 0.020042475312948227, "test": 0.013312816619873047}, "vol_inference_error": {"train": 0.05392071604728699, "valid": 0.12095096707344055, "test": 0.03717317432165146}}