{"log_price_RMSE": {"train": 0.25804731249809265, "valid": 0.08395812660455704, "test": 0.06656650453805923}, "log_return_RMSE": {"train": 0.015617516823112965, "valid": 0.0134657621383667, "test": 0.013873514719307423}, "log_return_res_abs_mean": {"train": 0.01155823189765215, "valid": 0.01030545774847269, "test": 0.010243425145745277}, "log_return_res_std": {"train": 0.01562749780714512, "valid": 0.01349143497645855, "test": 0.013899126090109348}, "log_return_coverage": {"train": 0.8102526664733887, "valid": 0.8811686635017395, "test": 0.8789941072463989}, "truth_abs_mean": {"train": 0.011515988036990166, "valid": 0.010290112346410751, "test": 0.010228808969259262}, "truth_std": {"train": 0.015605170279741287, "valid": 0.013477873988449574, "test": 0.01388789527118206}, "vol_inference_error": {"train": 0.11364466696977615, "valid": 0.0738714262843132, "test": 0.06611736118793488}}