{"log_price_RMSE": {"train": 0.26040026545524597, "valid": 0.1353842318058014, "test": 0.18876351416110992}, "log_return_RMSE": {"train": 0.011782958172261715, "valid": 0.019991200417280197, "test": 0.013310655951499939}, "log_return_res_abs_mean": {"train": 0.008766130544245243, "valid": 0.015004328452050686, "test": 0.010063507594168186}, "log_return_res_std": {"train": 0.011784818954765797, "valid": 0.020026888698339462, "test": 0.013314737938344479}, "log_return_coverage": {"train": 0.9605700373649597, "valid": 0.8263017535209656, "test": 0.940656840801239}, "truth_abs_mean": {"train": 0.008752033114433289, "valid": 0.015055260621011257, "test": 0.010057689622044563}, "truth_std": {"train": 0.0118031594902277, "valid": 0.020042475312948227, "test": 0.013312816619873047}, "vol_inference_error": {"train": 0.050810400396585464, "valid": 0.12983031570911407, "test": 0.04139520600438118}}