{"log_price_RMSE": {"train": 0.11627131700515747, "valid": 0.06497015058994293, "test": 0.29569488763809204}, "log_return_RMSE": {"train": 0.011491993442177773, "valid": 0.009930983185768127, "test": 0.01531846635043621}, "log_return_res_abs_mean": {"train": 0.008341940119862556, "valid": 0.007859645411372185, "test": 0.01186500396579504}, "log_return_res_std": {"train": 0.01149494294077158, "valid": 0.009948505088686943, "test": 0.01515911053866148}, "log_return_coverage": {"train": 0.95063316822052, "valid": 0.9885205030441284, "test": 0.9353169798851013}, "truth_abs_mean": {"train": 0.008364863693714142, "valid": 0.007965066470205784, "test": 0.01161353662610054}, "truth_std": {"train": 0.011579012498259544, "valid": 0.010130433365702629, "test": 0.015119959600269794}, "vol_inference_error": {"train": 0.06009569391608238, "valid": 0.05219796672463417, "test": 0.036730293184518814}}