{"log_price_RMSE": {"train": 0.14253747463226318, "valid": 0.2739329934120178, "test": 0.13103067874908447}, "log_return_RMSE": {"train": 0.01181733887642622, "valid": 0.020077625289559364, "test": 0.013519518077373505}, "log_return_res_abs_mean": {"train": 0.008949099108576775, "valid": 0.015161531046032906, "test": 0.010389882139861584}, "log_return_res_std": {"train": 0.011821783147752285, "valid": 0.020060954615473747, "test": 0.013537650927901268}, "log_return_coverage": {"train": 0.8445325493812561, "valid": 0.6538461446762085, "test": 0.8082597255706787}, "truth_abs_mean": {"train": 0.008937831968069077, "valid": 0.015055260621011257, "test": 0.01034501288086176}, "truth_std": {"train": 0.011823049746453762, "valid": 0.020042475312948227, "test": 0.013524259440600872}, "vol_inference_error": {"train": 0.06648861616849899, "valid": 0.19479112327098846, "test": 0.09559762477874756}}