{"log_price_RMSE": {"train": 0.053557101637125015, "valid": 0.07046546041965485, "test": 0.47493693232536316}, "log_return_RMSE": {"train": 0.011723607778549194, "valid": 0.0150746526196599, "test": 0.020304137840867043}, "log_return_res_abs_mean": {"train": 0.00857790932059288, "valid": 0.011660224758088589, "test": 0.015501968562602997}, "log_return_res_std": {"train": 0.011731053702533245, "valid": 0.015093160793185234, "test": 0.020124588161706924}, "log_return_coverage": {"train": 0.9503559470176697, "valid": 0.8513967990875244, "test": 0.6823357939720154}, "truth_abs_mean": {"train": 0.008586342446506023, "valid": 0.01155480369925499, "test": 0.015129736624658108}, "truth_std": {"train": 0.011750750243663788, "valid": 0.015072892419993877, "test": 0.02011014334857464}, "vol_inference_error": {"train": 0.04664846509695053, "valid": 0.08384372293949127, "test": 0.18442603945732117}}