{"log_price_RMSE": {"train": 0.09839855879545212, "valid": 0.2410624623298645, "test": 0.1817169040441513}, "log_return_RMSE": {"train": 0.011763496324419975, "valid": 0.015107219107449055, "test": 0.020094355568289757}, "log_return_res_abs_mean": {"train": 0.00860439520329237, "valid": 0.011560189537703991, "test": 0.015142072923481464}, "log_return_res_std": {"train": 0.011769386008381844, "valid": 0.015084902755916119, "test": 0.020117953419685364}, "log_return_coverage": {"train": 0.949705183506012, "valid": 0.8855565786361694, "test": 0.8251907825469971}, "truth_abs_mean": {"train": 0.008586342446506023, "valid": 0.01155480369925499, "test": 0.015129736624658108}, "truth_std": {"train": 0.011750750243663788, "valid": 0.015072892419993877, "test": 0.02011014334857464}, "vol_inference_error": {"train": 0.06067013740539551, "valid": 0.056552618741989136, "test": 0.13418275117874146}}