{"log_price_RMSE": {"train": 0.11240952461957932, "valid": 0.10455376654863358, "test": 0.18542028963565826}, "log_return_RMSE": {"train": 0.01157018356025219, "valid": 0.010120958089828491, "test": 0.015133275650441647}, "log_return_res_abs_mean": {"train": 0.008369272574782372, "valid": 0.007966633886098862, "test": 0.011624316684901714}, "log_return_res_std": {"train": 0.011577167548239231, "valid": 0.01012771762907505, "test": 0.015135122463107109}, "log_return_coverage": {"train": 0.9468082785606384, "valid": 0.8688305020332336, "test": 0.657250165939331}, "truth_abs_mean": {"train": 0.008364863693714142, "valid": 0.007965066470205784, "test": 0.01161353662610054}, "truth_std": {"train": 0.011579012498259544, "valid": 0.010130433365702629, "test": 0.015119959600269794}, "vol_inference_error": {"train": 0.04469967260956764, "valid": 0.039402689784765244, "test": 0.12950898706912994}}