{"log_price_RMSE": {"train": 0.31442365050315857, "valid": 0.06136733293533325, "test": 0.07729730010032654}, "log_return_RMSE": {"train": 0.015601159073412418, "valid": 0.013458545319736004, "test": 0.013873266987502575}, "log_return_res_abs_mean": {"train": 0.01151792798191309, "valid": 0.010294229723513126, "test": 0.010234497487545013}, "log_return_res_std": {"train": 0.015607865527272224, "valid": 0.01348431222140789, "test": 0.01389695331454277}, "log_return_coverage": {"train": 0.7954277396202087, "valid": 0.8353846073150635, "test": 0.8441715836524963}, "truth_abs_mean": {"train": 0.011515988036990166, "valid": 0.010290112346410751, "test": 0.010228808969259262}, "truth_std": {"train": 0.015605170279741287, "valid": 0.013477873988449574, "test": 0.01388789527118206}, "vol_inference_error": {"train": 0.11862558126449585, "valid": 0.08362336456775665, "test": 0.07991372793912888}}