{"log_price_RMSE": {"train": 0.22196343541145325, "valid": 0.21543005108833313, "test": 0.2066672444343567}, "log_return_RMSE": {"train": 0.011744730174541473, "valid": 0.015091599896550179, "test": 0.020106112584471703}, "log_return_res_abs_mean": {"train": 0.0085867028683424, "valid": 0.011558999307453632, "test": 0.015168995596468449}, "log_return_res_std": {"train": 0.011750994250178337, "valid": 0.015082519501447678, "test": 0.020120391622185707}, "log_return_coverage": {"train": 0.9462528824806213, "valid": 0.8659003973007202, "test": 0.7622438669204712}, "truth_abs_mean": {"train": 0.008586342446506023, "valid": 0.01155480369925499, "test": 0.015129736624658108}, "truth_std": {"train": 0.011750750243663788, "valid": 0.015072892419993877, "test": 0.02011014334857464}, "vol_inference_error": {"train": 0.05928570032119751, "valid": 0.06750074028968811, "test": 0.15156204998493195}}