{"log_price_RMSE": {"train": 0.07628057152032852, "valid": 0.5787291526794434, "test": 0.7305378913879395}, "log_return_RMSE": {"train": 0.011804619804024696, "valid": 0.02039315551519394, "test": 0.014296264387667179}, "log_return_res_abs_mean": {"train": 0.008962430991232395, "valid": 0.015647979453206062, "test": 0.011381592601537704}, "log_return_res_std": {"train": 0.011811800301074982, "valid": 0.020059939473867416, "test": 0.01351524330675602}, "log_return_coverage": {"train": 0.9299705624580383, "valid": 0.8909911513328552, "test": 0.99543297290802}, "truth_abs_mean": {"train": 0.008937831968069077, "valid": 0.015055260621011257, "test": 0.01034501288086176}, "truth_std": {"train": 0.011823049746453762, "valid": 0.020042475312948227, "test": 0.013524259440600872}, "vol_inference_error": {"train": 0.029148364439606667, "valid": 0.07100871950387955, "test": 0.13611479103565216}}