{"log_price_RMSE": {"train": 0.12038862705230713, "valid": 0.13159139454364777, "test": 0.2236698567867279}, "log_return_RMSE": {"train": 0.015523716807365417, "valid": 0.013468427583575249, "test": 0.013992988504469395}, "log_return_res_abs_mean": {"train": 0.011500864289700985, "valid": 0.01037677563726902, "test": 0.010563104413449764}, "log_return_res_std": {"train": 0.0155336307361722, "valid": 0.013483238406479359, "test": 0.013920590281486511}, "log_return_coverage": {"train": 0.9203394651412964, "valid": 0.9976479411125183, "test": 1.0}, "truth_abs_mean": {"train": 0.011515988036990166, "valid": 0.010290112346410751, "test": 0.010228808969259262}, "truth_std": {"train": 0.015605170279741287, "valid": 0.013477873988449574, "test": 0.01388789527118206}, "vol_inference_error": {"train": 0.04139066860079765, "valid": 0.2611863315105438, "test": 0.4550956189632416}}