{"log_price_RMSE": {"train": 0.2071898728609085, "valid": 0.16812649369239807, "test": 0.2656329274177551}, "log_return_RMSE": {"train": 0.011746310628950596, "valid": 0.015080936253070831, "test": 0.020137524232268333}, "log_return_res_abs_mean": {"train": 0.008588814176619053, "valid": 0.01157823670655489, "test": 0.01522945798933506}, "log_return_res_std": {"train": 0.011753044091165066, "valid": 0.015093754976987839, "test": 0.020125962793827057}, "log_return_coverage": {"train": 0.9477219581604004, "valid": 0.8767487406730652, "test": 0.8074784874916077}, "truth_abs_mean": {"train": 0.008586342446506023, "valid": 0.01155480369925499, "test": 0.015129736624658108}, "truth_std": {"train": 0.011750750243663788, "valid": 0.015072892419993877, "test": 0.02011014334857464}, "vol_inference_error": {"train": 0.05993017554283142, "valid": 0.06162240728735924, "test": 0.14247305691242218}}