{"log_price_RMSE": {"train": 0.059247422963380814, "valid": 0.11093194037675858, "test": 0.2747739553451538}, "log_return_RMSE": {"train": 0.011554388329386711, "valid": 0.010130533948540688, "test": 0.015169325284659863}, "log_return_res_abs_mean": {"train": 0.008361178450286388, "valid": 0.007978885434567928, "test": 0.011625933460891247}, "log_return_res_std": {"train": 0.011561558581888676, "valid": 0.010131118819117546, "test": 0.01511853002011776}, "log_return_coverage": {"train": 0.9510076642036438, "valid": 0.9027154445648193, "test": 0.712243378162384}, "truth_abs_mean": {"train": 0.008364863693714142, "valid": 0.007965066470205784, "test": 0.01161353662610054}, "truth_std": {"train": 0.011579012498259544, "valid": 0.010130433365702629, "test": 0.015119959600269794}, "vol_inference_error": {"train": 0.04719981178641319, "valid": 0.022335296496748924, "test": 0.11543578654527664}}