{"log_price_RMSE": {"train": 0.2959427833557129, "valid": 0.08122185617685318, "test": 0.06398974359035492}, "log_return_RMSE": {"train": 0.01560242846608162, "valid": 0.013456450775265694, "test": 0.013866443186998367}, "log_return_res_abs_mean": {"train": 0.011523239314556122, "valid": 0.010300368070602417, "test": 0.010244712233543396}, "log_return_res_std": {"train": 0.015610460191965103, "valid": 0.01348203420639038, "test": 0.013892422430217266}, "log_return_coverage": {"train": 0.8101352453231812, "valid": 0.8830325603485107, "test": 0.8830177783966064}, "truth_abs_mean": {"train": 0.011515988036990166, "valid": 0.010290112346410751, "test": 0.010228808969259262}, "truth_std": {"train": 0.015605170279741287, "valid": 0.013477873988449574, "test": 0.01388789527118206}, "vol_inference_error": {"train": 0.11302253603935242, "valid": 0.07273512333631516, "test": 0.06430003046989441}}