{"log_price_RMSE": {"train": 0.13695475459098816, "valid": 0.2813853621482849, "test": 0.1424902230501175}, "log_return_RMSE": {"train": 0.011816312558948994, "valid": 0.020081685855984688, "test": 0.013522069901227951}, "log_return_res_abs_mean": {"train": 0.008949478156864643, "valid": 0.015170934610068798, "test": 0.010397386737167835}, "log_return_res_std": {"train": 0.011821284890174866, "valid": 0.020060567185282707, "test": 0.013537080027163029}, "log_return_coverage": {"train": 0.8481361865997314, "valid": 0.6607692241668701, "test": 0.8261823058128357}, "truth_abs_mean": {"train": 0.008937831968069077, "valid": 0.015055260621011257, "test": 0.01034501288086176}, "truth_std": {"train": 0.011823049746453762, "valid": 0.020042475312948227, "test": 0.013524259440600872}, "vol_inference_error": {"train": 0.06437893956899643, "valid": 0.1900223046541214, "test": 0.08981805294752121}}