{"log_price_RMSE": {"train": 0.2080879658460617, "valid": 0.16508902609348297, "test": 0.26718273758888245}, "log_return_RMSE": {"train": 0.011746160686016083, "valid": 0.015080717392265797, "test": 0.020138703286647797}, "log_return_res_abs_mean": {"train": 0.008588694036006927, "valid": 0.011579700745642185, "test": 0.015229985117912292}, "log_return_res_std": {"train": 0.011752858757972717, "valid": 0.015094593167304993, "test": 0.020126810297369957}, "log_return_coverage": {"train": 0.9455207586288452, "valid": 0.8659003973007202, "test": 0.748062014579773}, "truth_abs_mean": {"train": 0.008586342446506023, "valid": 0.01155480369925499, "test": 0.015129736624658108}, "truth_std": {"train": 0.011750750243663788, "valid": 0.015072892419993877, "test": 0.02011014334857464}, "vol_inference_error": {"train": 0.05898405238986015, "valid": 0.07031486928462982, "test": 0.1552807241678238}}