{"log_price_RMSE": {"train": 0.15232382714748383, "valid": 0.23507902026176453, "test": 0.0810912624001503}, "log_return_RMSE": {"train": 0.01181010901927948, "valid": 0.02005390077829361, "test": 0.01331300474703312}, "log_return_res_abs_mean": {"train": 0.00877364445477724, "valid": 0.015116867609322071, "test": 0.010078887455165386}, "log_return_res_std": {"train": 0.011813470162451267, "valid": 0.020055778324604034, "test": 0.013322900049388409}, "log_return_coverage": {"train": 0.9537623524665833, "valid": 0.7821006178855896, "test": 0.9122454524040222}, "truth_abs_mean": {"train": 0.008752033114433289, "valid": 0.015055260621011257, "test": 0.010057689622044563}, "truth_std": {"train": 0.0118031594902277, "valid": 0.020042475312948227, "test": 0.013312816619873047}, "vol_inference_error": {"train": 0.05283452570438385, "valid": 0.1475692242383957, "test": 0.05073998495936394}}