{"log_price_RMSE": {"train": 0.12621870636940002, "valid": 0.3315240144729614, "test": 0.08176278322935104}, "log_return_RMSE": {"train": 0.011824685148894787, "valid": 0.020128820091485977, "test": 0.013532574288547039}, "log_return_res_abs_mean": {"train": 0.008960939012467861, "valid": 0.015199699439108372, "test": 0.010374624282121658}, "log_return_res_std": {"train": 0.011831285431981087, "valid": 0.020093170925974846, "test": 0.013558768667280674}, "log_return_coverage": {"train": 0.930507481098175, "valid": 0.9027070999145508, "test": 0.9961240291595459}, "truth_abs_mean": {"train": 0.008937831968069077, "valid": 0.015055260621011257, "test": 0.01034501288086176}, "truth_std": {"train": 0.011823049746453762, "valid": 0.020042475312948227, "test": 0.013524259440600872}, "vol_inference_error": {"train": 0.02924031764268875, "valid": 0.06814205646514893, "test": 0.144384503364563}}