{"log_price_RMSE": {"train": 0.21168768405914307, "valid": 0.08649878948926926, "test": 0.06319329887628555}, "log_return_RMSE": {"train": 0.015617857687175274, "valid": 0.013467817567288876, "test": 0.013874474912881851}, "log_return_res_abs_mean": {"train": 0.01155976764857769, "valid": 0.010308400727808475, "test": 0.010249879211187363}, "log_return_res_std": {"train": 0.01562741957604885, "valid": 0.013493374921381474, "test": 0.013900645077228546}, "log_return_coverage": {"train": 0.7879753112792969, "valid": 0.8192307949066162, "test": 0.8230769038200378}, "truth_abs_mean": {"train": 0.011515988036990166, "valid": 0.010290112346410751, "test": 0.010228808969259262}, "truth_std": {"train": 0.015605170279741287, "valid": 0.013477873988449574, "test": 0.01388789527118206}, "vol_inference_error": {"train": 0.12248122692108154, "valid": 0.08991821110248566, "test": 0.08822554349899292}}