{"log_price_RMSE": {"train": 0.11643190681934357, "valid": 0.08165755122900009, "test": 0.38590094447135925}, "log_return_RMSE": {"train": 0.011736533604562283, "valid": 0.015058639459311962, "test": 0.020223302766680717}, "log_return_res_abs_mean": {"train": 0.008582831360399723, "valid": 0.011610135436058044, "test": 0.01538908388465643}, "log_return_res_std": {"train": 0.011743544600903988, "valid": 0.015087559819221497, "test": 0.02012290060520172}, "log_return_coverage": {"train": 0.9508668184280396, "valid": 0.871405303478241, "test": 0.7430292367935181}, "truth_abs_mean": {"train": 0.008586342446506023, "valid": 0.01155480369925499, "test": 0.015129736624658108}, "truth_std": {"train": 0.011750750243663788, "valid": 0.015072892419993877, "test": 0.02011014334857464}, "vol_inference_error": {"train": 0.04758380725979805, "valid": 0.0709674283862114, "test": 0.1557537317276001}}