{"log_price_RMSE": {"train": 0.15386272966861725, "valid": 0.10816435515880585, "test": 0.23442420363426208}, "log_return_RMSE": {"train": 0.011572778224945068, "valid": 0.010119783692061901, "test": 0.015148656442761421}, "log_return_res_abs_mean": {"train": 0.008366742171347141, "valid": 0.007966029457747936, "test": 0.011612772941589355}, "log_return_res_std": {"train": 0.011580102145671844, "valid": 0.010130851529538631, "test": 0.015124548226594925}, "log_return_coverage": {"train": 0.9355806112289429, "valid": 0.9651826620101929, "test": 0.8648648858070374}, "truth_abs_mean": {"train": 0.008364863693714142, "valid": 0.007965066470205784, "test": 0.01161353662610054}, "truth_std": {"train": 0.011579012498259544, "valid": 0.010130433365702629, "test": 0.015119959600269794}, "vol_inference_error": {"train": 0.06136707216501236, "valid": 0.021610787138342857, "test": 0.06498277932405472}}