{"log_price_RMSE": {"train": 0.2459823042154312, "valid": 0.22866055369377136, "test": 0.07942085713148117}, "log_return_RMSE": {"train": 0.0118066081777215, "valid": 0.020051293075084686, "test": 0.013312271796166897}, "log_return_res_abs_mean": {"train": 0.008761289529502392, "valid": 0.015111494809389114, "test": 0.01007852703332901}, "log_return_res_std": {"train": 0.011806698516011238, "valid": 0.02005576156079769, "test": 0.013322186656296253}, "log_return_coverage": {"train": 0.964083194732666, "valid": 0.8384615182876587, "test": 0.9531978964805603}, "truth_abs_mean": {"train": 0.008752033114433289, "valid": 0.015055260621011257, "test": 0.010057689622044563}, "truth_std": {"train": 0.0118031594902277, "valid": 0.020042475312948227, "test": 0.013312816619873047}, "vol_inference_error": {"train": 0.05446261912584305, "valid": 0.12389121949672699, "test": 0.03732547536492348}}